{"stats":{"minecraft:picked_up":{"minecraft:orange_bed":1,"minecraft:sand":1,"minecraft:oak_log":5,"minecraft:oak_sapling":1,"minecraft:dirt":8,"minecraft:egg":1},"minecraft:custom":{"minecraft:time_since_rest":4973,"minecraft:crouch_one_cm":690,"minecraft:walk_one_cm":10789,"minecraft:play_time":5825,"minecraft:sprint_one_cm":27030,"minecraft:damage_taken":430,"minecraft:deaths":1,"minecraft:sneak_time":354,"minecraft:jump":264,"minecraft:damage_dealt":176,"minecraft:walk_on_water_one_cm":952,"minecraft:time_since_death":4934,"minecraft:total_world_time":5825,"minecraft:climb_one_cm":1099,"minecraft:fall_one_cm":8925,"minecraft:fly_one_cm":58751},"minecraft:crafted":{"minecraft:oak_planks":20},"minecraft:used":{"minecraft:dirt":8,"minecraft:egg":1},"minecraft:mined":{"minecraft:grass":12,"minecraft:oak_log":5,"minecraft:tall_grass":3,"minecraft:oak_leaves":2,"minecraft:orange_bed":1},"minecraft:killed_by":{"minecraft:player":1}},"DataVersion":3465}