{"stats":{"minecraft:dropped":{"minecraft:stick":6},"minecraft:picked_up":{"minecraft:stick":6,"minecraft:crafting_table":1,"minecraft:leather":6,"minecraft:birch_planks":2,"minecraft:sand":1,"minecraft:oak_log":7,"minecraft:dirt":10,"minecraft:orange_bed":5,"minecraft:wheat_seeds":1,"minecraft:beef":10,"minecraft:spruce_slab":1,"minecraft:oak_sapling":1,"minecraft:oak_planks":3,"minecraft:egg":1},"minecraft:custom":{"minecraft:time_since_rest":4006,"minecraft:sprint_one_cm":58720,"minecraft:damage_taken":1009,"minecraft:walk_one_cm":19098,"minecraft:mob_kills":7,"minecraft:drop":1,"minecraft:damage_dealt":929,"minecraft:swim_one_cm":27302,"minecraft:interact_with_crafting_table":4,"minecraft:fly_one_cm":115289,"minecraft:player_kills":1,"minecraft:open_chest":2,"minecraft:crouch_one_cm":756,"minecraft:play_time":17825,"minecraft:deaths":4,"minecraft:sneak_time":414,"minecraft:walk_under_water_one_cm":1536,"minecraft:jump":582,"minecraft:time_since_death":3975,"minecraft:walk_on_water_one_cm":5539,"minecraft:sleep_in_bed":2,"minecraft:climb_one_cm":3045,"minecraft:total_world_time":17825,"minecraft:fall_one_cm":19100},"minecraft:killed":{"minecraft:cow":7},"minecraft:crafted":{"minecraft:oak_planks":20,"minecraft:crafting_table":2,"minecraft:stick":8,"minecraft:wooden_axe":1},"minecraft:used":{"minecraft:wooden_axe":18,"minecraft:orange_bed":4,"minecraft:sand":1,"minecraft:dirt":10,"minecraft:crafting_table":2,"minecraft:egg":1},"minecraft:mined":{"minecraft:birch_planks":2,"minecraft:crafting_table":1,"minecraft:grass":18,"minecraft:grass_block":2,"minecraft:oak_log":7,"minecraft:dirt":1,"minecraft:tall_grass":7,"minecraft:oak_planks":3,"minecraft:oak_leaves":2,"minecraft:spruce_slab":1,"minecraft:orange_bed":5},"minecraft:killed_by":{"minecraft:player":1,"minecraft:skeleton":2}},"DataVersion":3465}