{"stats":{"minecraft:mined":{"minecraft:tuff":2,"minecraft:acacia_leaves":5,"minecraft:white_bed":1,"minecraft:deepslate_diamond_ore":5,"minecraft:soul_fire":3,"minecraft:sculk_vein":6,"minecraft:deepslate_tile_slab":1,"minecraft:crafting_table":5,"minecraft:torch":4,"minecraft:granite":4,"minecraft:acacia_log":10,"minecraft:emerald_ore":1,"minecraft:grass_block":2,"minecraft:sculk_sensor":5,"minecraft:deepslate_bricks":6,"minecraft:copper_ore":5,"minecraft:cobblestone":5,"minecraft:deepslate_tile_stairs":1,"minecraft:cracked_deepslate_bricks":1,"minecraft:sculk":13,"minecraft:wall_torch":7,"minecraft:gray_wool":3,"minecraft:furnace":5,"minecraft:iron_ore":33,"minecraft:chiseled_deepslate":1,"minecraft:cracked_deepslate_tiles":1,"minecraft:sculk_shrieker":1,"minecraft:grass":18,"minecraft:coal_ore":16,"minecraft:acacia_door":8,"minecraft:dirt":8,"minecraft:stone":140,"minecraft:oak_leaves":10,"minecraft:deepslate":16},"minecraft:killed_by":{"minecraft:warden":3},"minecraft:dropped":{"minecraft:cobbled_deepslate":1,"minecraft:acacia_door":1},"minecraft:custom":{"minecraft:interact_with_furnace":21,"minecraft:mob_kills":14,"minecraft:interact_with_crafting_table":15,"minecraft:leave_game":10,"minecraft:time_since_death":2167,"minecraft:sleep_in_bed":1,"minecraft:climb_one_cm":1250,"minecraft:time_since_rest":2631,"minecraft:sprint_one_cm":117586,"minecraft:damage_taken":1715,"minecraft:walk_one_cm":58913,"minecraft:damage_blocked_by_shield":105,"minecraft:drop":2,"minecraft:damage_dealt":1490,"minecraft:swim_one_cm":15242,"minecraft:fly_one_cm":136192,"minecraft:open_chest":3,"minecraft:crouch_one_cm":30552,"minecraft:play_time":79244,"minecraft:deaths":6,"minecraft:sneak_time":14674,"minecraft:walk_under_water_one_cm":12378,"minecraft:jump":1067,"minecraft:walk_on_water_one_cm":13714,"minecraft:total_world_time":79244,"minecraft:fall_one_cm":32563},"minecraft:crafted":{"minecraft:cooked_beef":1,"minecraft:coal_block":1,"minecraft:crafting_table":1,"minecraft:wooden_pickaxe":1,"minecraft:iron_helmet":1,"minecraft:cooked_chicken":3,"minecraft:iron_sword":1,"minecraft:furnace":1,"minecraft:stone_axe":1,"minecraft:air":0,"minecraft:iron_boots":1,"minecraft:iron_chestplate":1,"minecraft:shield":1,"minecraft:stick":12,"minecraft:iron_ingot":30,"minecraft:iron_pickaxe":1,"minecraft:stone_pickaxe":1,"minecraft:wooden_axe":1,"minecraft:acacia_door":3,"minecraft:iron_leggings":1,"minecraft:white_bed":1,"minecraft:acacia_planks":40,"minecraft:torch":4},"minecraft:used":{"minecraft:chiseled_deepslate":1,"minecraft:stone_pickaxe":49,"minecraft:shield":3,"minecraft:wooden_pickaxe":18,"minecraft:iron_sword":38,"minecraft:cooked_chicken":4,"minecraft:torch":19,"minecraft:dirt":25,"minecraft:crafting_table":5,"minecraft:cracked_deepslate_tiles":1,"minecraft:white_bed":2,"minecraft:tuff":2,"minecraft:granite":4,"minecraft:acacia_door":8,"minecraft:iron_pickaxe":243,"minecraft:stone_axe":19,"minecraft:cobblestone":131,"minecraft:furnace":5,"minecraft:cooked_beef":1,"minecraft:cobbled_deepslate":14,"minecraft:acacia_planks":7,"minecraft:gray_wool":3},"minecraft:killed":{"minecraft:pig":3,"minecraft:spider":1,"minecraft:sheep":3,"minecraft:skeleton":1,"minecraft:zombie":1,"minecraft:chicken":4,"minecraft:cow":1},"minecraft:picked_up":{"minecraft:cracked_deepslate_tiles":1,"minecraft:chiseled_deepslate":1,"minecraft:crafting_table":5,"minecraft:feather":6,"minecraft:chicken":6,"minecraft:tuff":2,"minecraft:string":1,"minecraft:dirt":25,"minecraft:deepslate_tile_slab":1,"minecraft:raw_copper":20,"minecraft:acacia_door":9,"minecraft:bone":1,"minecraft:acacia_planks":4,"minecraft:wheat_seeds":2,"minecraft:cobbled_deepslate":15,"minecraft:beef":1,"minecraft:cooked_chicken":1,"minecraft:furnace":5,"minecraft:raw_iron":35,"minecraft:torch":18,"minecraft:acacia_log":10,"minecraft:porkchop":8,"minecraft:white_bed":1,"minecraft:deepslate_tile_stairs":1,"minecraft:spider_eye":1,"minecraft:arrow":1,"minecraft:rotten_flesh":1,"minecraft:diamond":5,"minecraft:deepslate_bricks":4,"minecraft:granite":4,"minecraft:cracked_deepslate_bricks":1,"minecraft:gray_wool":3,"minecraft:emerald":1,"minecraft:mutton":4,"minecraft:coal":44,"minecraft:white_wool":3,"minecraft:cobblestone":145}},"DataVersion":3465}