{"stats":{"minecraft:picked_up":{"minecraft:oak_log":7,"minecraft:apple":1,"minecraft:oak_sapling":1},"minecraft:custom":{"minecraft:jump":27,"minecraft:time_since_rest":3525,"minecraft:damage_taken":20,"minecraft:damage_dealt":112,"minecraft:leave_game":2,"minecraft:play_time":3525,"minecraft:sprint_one_cm":6305,"minecraft:time_since_death":3525,"minecraft:walk_one_cm":6225,"minecraft:sneak_time":51,"minecraft:total_world_time":3525,"minecraft:fall_one_cm":482,"minecraft:fly_one_cm":3190},"minecraft:crafted":{"minecraft:crafting_table":1,"minecraft:oak_planks":16,"minecraft:stick":4},"minecraft:mined":{"minecraft:grass":2,"minecraft:oak_log":8,"minecraft:oak_leaves":3}},"DataVersion":3465}