{"stats":{"minecraft:picked_up":{"minecraft:stick":5,"minecraft:crafting_table":1,"minecraft:ladder":1,"minecraft:torch":1,"minecraft:oak_log":33,"minecraft:white_bed":1,"minecraft:dirt":8,"minecraft:bone":4,"minecraft:arrow":2,"minecraft:rotten_flesh":2,"minecraft:apple":2,"minecraft:wheat_seeds":11,"minecraft:oak_sapling":13,"minecraft:coal":2,"minecraft:mutton":4,"minecraft:oak_planks":13,"minecraft:white_wool":3,"minecraft:cobblestone":6},"minecraft:custom":{"minecraft:time_since_rest":2244,"minecraft:sprint_one_cm":90175,"minecraft:damage_taken":715,"minecraft:walk_one_cm":60843,"minecraft:mob_kills":6,"minecraft:damage_dealt":863,"minecraft:swim_one_cm":2340,"minecraft:interact_with_crafting_table":9,"minecraft:fly_one_cm":125729,"minecraft:crouch_one_cm":2745,"minecraft:play_time":33598,"minecraft:deaths":2,"minecraft:sneak_time":1911,"minecraft:walk_under_water_one_cm":889,"minecraft:jump":645,"minecraft:leave_game":3,"minecraft:time_since_death":6567,"minecraft:walk_on_water_one_cm":3230,"minecraft:sleep_in_bed":5,"minecraft:total_world_time":33598,"minecraft:climb_one_cm":1550,"minecraft:fall_one_cm":23476},"minecraft:killed":{"minecraft:skeleton":2,"minecraft:sheep":3,"minecraft:cow":1},"minecraft:crafted":{"minecraft:oak_planks":92,"minecraft:crafting_table":2,"minecraft:stick":12,"minecraft:wooden_pickaxe":1,"minecraft:stone_pickaxe":1,"minecraft:wooden_axe":2,"minecraft:white_bed":1,"minecraft:torch":8,"minecraft:stone_axe":1},"minecraft:broken":{"minecraft:wooden_axe":1},"minecraft:used":{"minecraft:oak_log":7,"minecraft:wooden_axe":174,"minecraft:apple":1,"minecraft:stone_pickaxe":1,"minecraft:oak_planks":62,"minecraft:wooden_pickaxe":10,"minecraft:rotten_flesh":2,"minecraft:stone_axe":25,"minecraft:torch":8,"minecraft:mutton":4,"minecraft:crafting_table":2,"minecraft:oak_sapling":4,"minecraft:white_bed":2},"minecraft:mined":{"minecraft:white_bed":1,"minecraft:torch":1,"minecraft:crafting_table":2,"minecraft:grass":51,"minecraft:grass_block":4,"minecraft:oak_log":34,"minecraft:coal_ore":2,"minecraft:dirt":4,"minecraft:tall_grass":40,"minecraft:stone":6,"minecraft:oak_planks":11,"minecraft:oak_leaves":100,"minecraft:wall_torch":1},"minecraft:killed_by":{"minecraft:skeleton":1}},"DataVersion":3465}