{"stats":{"minecraft:killed":{"minecraft:cow":1},"minecraft:mined":{"minecraft:acacia_leaves":2,"minecraft:furnace":1,"minecraft:iron_ore":25,"minecraft:torch":2,"minecraft:crafting_table":3,"minecraft:granite":4,"minecraft:grass":15,"minecraft:acacia_log":10,"minecraft:grass_block":2,"minecraft:coal_ore":15,"minecraft:dirt":8,"minecraft:acacia_door":8,"minecraft:copper_ore":5,"minecraft:cobblestone":2,"minecraft:stone":129,"minecraft:wall_torch":3},"minecraft:dropped":{"minecraft:acacia_door":1},"minecraft:picked_up":{"minecraft:crafting_table":3,"minecraft:raw_iron":25,"minecraft:torch":12,"minecraft:acacia_log":10,"minecraft:dirt":10,"minecraft:raw_copper":20,"minecraft:acacia_door":9,"minecraft:wheat_seeds":2,"minecraft:beef":1,"minecraft:granite":4,"minecraft:coal":24,"minecraft:cobblestone":131,"minecraft:furnace":1},"minecraft:custom":{"minecraft:time_since_rest":29223,"minecraft:interact_with_furnace":4,"minecraft:sprint_one_cm":22843,"minecraft:damage_taken":10,"minecraft:walk_one_cm":20442,"minecraft:mob_kills":1,"minecraft:drop":1,"minecraft:damage_dealt":100,"minecraft:swim_one_cm":11913,"minecraft:interact_with_crafting_table":7,"minecraft:fly_one_cm":29967,"minecraft:crouch_one_cm":2016,"minecraft:play_time":29223,"minecraft:sneak_time":1674,"minecraft:walk_under_water_one_cm":11255,"minecraft:jump":291,"minecraft:leave_game":1,"minecraft:time_since_death":29223,"minecraft:walk_on_water_one_cm":6339,"minecraft:total_world_time":29223,"minecraft:fall_one_cm":5618},"minecraft:crafted":{"minecraft:crafting_table":1,"minecraft:stick":12,"minecraft:iron_ingot":14,"minecraft:wooden_pickaxe":1,"minecraft:iron_pickaxe":1,"minecraft:stone_pickaxe":1,"minecraft:wooden_axe":1,"minecraft:acacia_door":3,"minecraft:furnace":1,"minecraft:acacia_planks":40,"minecraft:torch":4,"minecraft:stone_axe":1,"minecraft:air":0},"minecraft:used":{"minecraft:acacia_door":8,"minecraft:stone_pickaxe":49,"minecraft:iron_pickaxe":142,"minecraft:wooden_pickaxe":18,"minecraft:stone_axe":15,"minecraft:torch":12,"minecraft:cobblestone":18,"minecraft:crafting_table":3,"minecraft:furnace":1,"minecraft:acacia_planks":3,"minecraft:granite":4}},"DataVersion":3465}