{"stats":{"minecraft:mined":{"minecraft:dark_oak_planks":1,"minecraft:deepslate_tiles":1,"minecraft:tuff":2,"minecraft:white_bed":8,"minecraft:mossy_cobblestone":1,"minecraft:deepslate_diamond_ore":5,"minecraft:oak_door":6,"minecraft:sculk_vein":6,"minecraft:granite":4,"minecraft:acacia_log":10,"minecraft:grass_block":48,"minecraft:deepslate_bricks":9,"minecraft:deepslate_tile_stairs":1,"minecraft:furnace":5,"minecraft:iron_ore":33,"minecraft:chiseled_deepslate":1,"minecraft:bell":5,"minecraft:sculk_shrieker":1,"minecraft:dirt_path":23,"minecraft:stone":146,"minecraft:acacia_leaves":5,"minecraft:soul_fire":3,"minecraft:deepslate_tile_slab":1,"minecraft:crafting_table":6,"minecraft:torch":5,"minecraft:emerald_ore":1,"minecraft:sculk_sensor":6,"minecraft:cobblestone":11,"minecraft:copper_ore":5,"minecraft:tall_grass":2,"minecraft:oak_planks":1,"minecraft:cracked_deepslate_bricks":1,"minecraft:sculk":15,"minecraft:wall_torch":8,"minecraft:gray_wool":12,"minecraft:birch_planks":11,"minecraft:birch_log":6,"minecraft:birch_leaves":1,"minecraft:grass":36,"minecraft:cracked_deepslate_tiles":1,"minecraft:coal_ore":16,"minecraft:oak_log":22,"minecraft:acacia_door":9,"minecraft:dirt":19,"minecraft:oak_leaves":25,"minecraft:deepslate":19},"minecraft:killed_by":{"minecraft:warden":9,"minecraft:skeleton":1},"minecraft:dropped":{"minecraft:acacia_door":1,"minecraft:cobbled_deepslate":1},"minecraft:custom":{"minecraft:mob_kills":23,"minecraft:interact_with_crafting_table":20,"minecraft:bell_ring":187,"minecraft:leave_game":11,"minecraft:time_since_death":4194,"minecraft:climb_one_cm":2714,"minecraft:sprint_one_cm":278901,"minecraft:walk_one_cm":125772,"minecraft:damage_blocked_by_shield":105,"minecraft:drop":2,"minecraft:play_time":121067,"minecraft:deaths":18,"minecraft:sneak_time":16974,"minecraft:walk_under_water_one_cm":17824,"minecraft:jump":2434,"minecraft:walk_on_water_one_cm":15428,"minecraft:total_world_time":121067,"minecraft:interact_with_furnace":21,"minecraft:sleep_in_bed":4,"minecraft:time_since_rest":4079,"minecraft:damage_taken":4862,"minecraft:damage_dealt":2814,"minecraft:swim_one_cm":32366,"minecraft:fly_one_cm":349750,"minecraft:open_chest":6,"minecraft:crouch_one_cm":34746,"minecraft:fall_one_cm":92362},"minecraft:crafted":{"minecraft:oak_planks":88,"minecraft:birch_boat":1,"minecraft:cooked_chicken":3,"minecraft:furnace":1,"minecraft:diamond_shovel":1,"minecraft:iron_boots":1,"minecraft:stone_pickaxe":1,"minecraft:cooked_beef":1,"minecraft:coal_block":1,"minecraft:crafting_table":2,"minecraft:wooden_pickaxe":1,"minecraft:iron_helmet":1,"minecraft:iron_sword":1,"minecraft:birch_planks":24,"minecraft:stone_axe":1,"minecraft:air":0,"minecraft:oak_boat":1,"minecraft:iron_chestplate":1,"minecraft:diamond_pickaxe":1,"minecraft:shield":1,"minecraft:stick":16,"minecraft:iron_ingot":30,"minecraft:iron_pickaxe":1,"minecraft:wooden_axe":1,"minecraft:acacia_door":3,"minecraft:iron_leggings":1,"minecraft:white_bed":1,"minecraft:acacia_planks":40,"minecraft:torch":4},"minecraft:used":{"minecraft:chiseled_deepslate":1,"minecraft:cracked_deepslate_bricks":1,"minecraft:shield":3,"minecraft:iron_sword":85,"minecraft:bell":4,"minecraft:cooked_chicken":4,"minecraft:rotten_flesh":2,"minecraft:torch":22,"minecraft:dirt":28,"minecraft:cracked_deepslate_tiles":1,"minecraft:tuff":2,"minecraft:granite":4,"minecraft:dark_oak_planks":1,"minecraft:beef":2,"minecraft:furnace":6,"minecraft:deepslate_tile_stairs":1,"minecraft:cooked_beef":1,"minecraft:acacia_planks":7,"minecraft:cobbled_deepslate":17,"minecraft:birch_planks":26,"minecraft:stone_pickaxe":55,"minecraft:oak_planks":60,"minecraft:wooden_pickaxe":18,"minecraft:deepslate_bricks":7,"minecraft:white_wool":4,"minecraft:crafting_table":8,"minecraft:white_bed":8,"minecraft:deepslate_tiles":1,"minecraft:diamond_pickaxe":15,"minecraft:diamond_shovel":121,"minecraft:acacia_door":9,"minecraft:iron_pickaxe":258,"minecraft:stone_axe":85,"minecraft:cobblestone":143,"minecraft:porkchop":8,"minecraft:oak_boat":1,"minecraft:gray_wool":12},"minecraft:broken":{"minecraft:iron_pickaxe":1},"minecraft:killed":{"minecraft:spider":1,"minecraft:skeleton":1,"minecraft:chicken":4,"minecraft:pig":3,"minecraft:sheep":6,"minecraft:zombie":2,"minecraft:villager":1,"minecraft:cow":3},"minecraft:picked_up":{"minecraft:chiseled_deepslate":1,"minecraft:crafting_table":6,"minecraft:chicken":6,"minecraft:string":1,"minecraft:raw_copper":20,"minecraft:acacia_door":10,"minecraft:deepslate_tiles":1,"minecraft:cobbled_deepslate":18,"minecraft:beef":3,"minecraft:furnace":5,"minecraft:raw_iron":35,"minecraft:oak_door":2,"minecraft:torch":20,"minecraft:acacia_log":10,"minecraft:porkchop":8,"minecraft:deepslate_tile_stairs":1,"minecraft:dark_oak_planks":1,"minecraft:arrow":1,"minecraft:rotten_flesh":2,"minecraft:deepslate_bricks":7,"minecraft:cracked_deepslate_bricks":1,"minecraft:mutton":9,"minecraft:white_wool":7,"minecraft:cobblestone":157,"minecraft:cracked_deepslate_tiles":1,"minecraft:birch_log":6,"minecraft:feather":6,"minecraft:leather":1,"minecraft:birch_planks":10,"minecraft:tuff":2,"minecraft:oak_log":22,"minecraft:deepslate_tile_slab":1,"minecraft:dirt":98,"minecraft:bone":1,"minecraft:acacia_planks":4,"minecraft:wheat_seeds":8,"minecraft:bell":5,"minecraft:cooked_chicken":1,"minecraft:oak_planks":1,"minecraft:dandelion":1,"minecraft:white_bed":8,"minecraft:spider_eye":1,"minecraft:diamond":5,"minecraft:granite":4,"minecraft:gray_wool":12,"minecraft:emerald":1,"minecraft:oak_sapling":2,"minecraft:coal":44}},"DataVersion":3465}