{"stats":{"minecraft:crafted":{"minecraft:oak_planks":104,"minecraft:birch_boat":1,"minecraft:cooked_chicken":3,"minecraft:furnace":1,"minecraft:diamond_shovel":1,"minecraft:iron_boots":1,"minecraft:stone_pickaxe":1,"minecraft:cooked_beef":1,"minecraft:coal_block":1,"minecraft:crafting_table":2,"minecraft:wooden_pickaxe":1,"minecraft:iron_helmet":1,"minecraft:iron_sword":1,"minecraft:birch_planks":24,"minecraft:stone_axe":2,"minecraft:air":0,"minecraft:oak_boat":1,"minecraft:iron_chestplate":1,"minecraft:diamond_pickaxe":1,"minecraft:shield":1,"minecraft:stick":20,"minecraft:iron_ingot":30,"minecraft:iron_pickaxe":1,"minecraft:wooden_axe":1,"minecraft:acacia_door":3,"minecraft:iron_leggings":1,"minecraft:white_bed":1,"minecraft:acacia_planks":40,"minecraft:torch":4},"minecraft:picked_up":{"minecraft:chiseled_deepslate":1,"minecraft:crafting_table":6,"minecraft:chicken":6,"minecraft:oak_stairs":49,"minecraft:string":1,"minecraft:raw_copper":20,"minecraft:acacia_door":10,"minecraft:deepslate_tiles":1,"minecraft:cobbled_deepslate":18,"minecraft:beef":3,"minecraft:furnace":5,"minecraft:raw_iron":35,"minecraft:oak_door":2,"minecraft:oak_fence":15,"minecraft:torch":24,"minecraft:acacia_log":10,"minecraft:porkchop":8,"minecraft:carrot":31,"minecraft:deepslate_tile_stairs":1,"minecraft:dark_oak_planks":1,"minecraft:arrow":3,"minecraft:rotten_flesh":18,"minecraft:deepslate_bricks":7,"minecraft:cracked_deepslate_bricks":1,"minecraft:mutton":9,"minecraft:white_wool":7,"minecraft:cobblestone":196,"minecraft:cracked_deepslate_tiles":1,"minecraft:birch_log":6,"minecraft:feather":6,"minecraft:leather":1,"minecraft:potato":11,"minecraft:birch_planks":23,"minecraft:tuff":2,"minecraft:oak_log":31,"minecraft:yellow_bed":1,"minecraft:deepslate_tile_slab":1,"minecraft:dirt":140,"minecraft:bone":3,"minecraft:acacia_planks":4,"minecraft:wheat_seeds":26,"minecraft:bell":5,"minecraft:cooked_chicken":1,"minecraft:oak_planks":41,"minecraft:birch_boat":2,"minecraft:dandelion":2,"minecraft:white_bed":8,"minecraft:spider_eye":1,"minecraft:mossy_cobblestone":12,"minecraft:diamond":5,"minecraft:granite":4,"minecraft:gray_wool":12,"minecraft:emerald":1,"minecraft:oak_sapling":3,"minecraft:coal":44},"minecraft:dropped":{"minecraft:mossy_cobblestone":1,"minecraft:acacia_door":1,"minecraft:cobbled_deepslate":1,"minecraft:diamond_pickaxe":1,"minecraft:spider_eye":1},"minecraft:used":{"minecraft:chiseled_deepslate":1,"minecraft:cracked_deepslate_bricks":1,"minecraft:shield":3,"minecraft:iron_sword":143,"minecraft:bell":4,"minecraft:cooked_chicken":4,"minecraft:rotten_flesh":2,"minecraft:torch":28,"minecraft:dirt":115,"minecraft:carrot":9,"minecraft:cracked_deepslate_tiles":1,"minecraft:tuff":2,"minecraft:granite":4,"minecraft:dark_oak_planks":1,"minecraft:beef":2,"minecraft:deepslate_tile_stairs":1,"minecraft:furnace":6,"minecraft:cooked_beef":1,"minecraft:potato":13,"minecraft:acacia_planks":7,"minecraft:cobbled_deepslate":17,"minecraft:birch_planks":36,"minecraft:stone_pickaxe":118,"minecraft:oak_planks":122,"minecraft:wooden_pickaxe":18,"minecraft:birch_boat":2,"minecraft:deepslate_bricks":7,"minecraft:white_wool":4,"minecraft:mossy_cobblestone":3,"minecraft:crafting_table":8,"minecraft:white_bed":9,"minecraft:deepslate_tiles":1,"minecraft:diamond_pickaxe":19,"minecraft:diamond_shovel":130,"minecraft:acacia_door":9,"minecraft:iron_pickaxe":258,"minecraft:stone_axe":228,"minecraft:cobblestone":155,"minecraft:porkchop":8,"minecraft:yellow_bed":1,"minecraft:oak_boat":1,"minecraft:gray_wool":12},"minecraft:custom":{"minecraft:mob_kills":38,"minecraft:interact_with_crafting_table":22,"minecraft:bell_ring":187,"minecraft:leave_game":13,"minecraft:time_since_death":9780,"minecraft:climb_one_cm":2714,"minecraft:sprint_one_cm":331040,"minecraft:walk_one_cm":166446,"minecraft:damage_blocked_by_shield":105,"minecraft:drop":5,"minecraft:talked_to_villager":2,"minecraft:play_time":148976,"minecraft:deaths":19,"minecraft:sneak_time":23540,"minecraft:walk_under_water_one_cm":17945,"minecraft:boat_one_cm":4731,"minecraft:jump":2863,"minecraft:walk_on_water_one_cm":16103,"minecraft:total_world_time":148976,"minecraft:interact_with_furnace":21,"minecraft:sleep_in_bed":5,"minecraft:time_since_rest":9811,"minecraft:damage_taken":5335,"minecraft:damage_dealt":4793,"minecraft:swim_one_cm":32366,"minecraft:fly_one_cm":409752,"minecraft:open_chest":7,"minecraft:crouch_one_cm":48014,"minecraft:fall_one_cm":109484},"minecraft:mined":{"minecraft:dark_oak_planks":1,"minecraft:deepslate_tiles":1,"minecraft:tuff":2,"minecraft:white_bed":8,"minecraft:mossy_cobblestone":13,"minecraft:deepslate_diamond_ore":5,"minecraft:oak_door":6,"minecraft:sculk_vein":6,"minecraft:granite":4,"minecraft:acacia_log":10,"minecraft:grass_block":53,"minecraft:deepslate_bricks":9,"minecraft:deepslate_tile_stairs":1,"minecraft:furnace":5,"minecraft:carrots":8,"minecraft:iron_ore":33,"minecraft:chiseled_deepslate":1,"minecraft:azure_bluet":1,"minecraft:bell":5,"minecraft:sculk_shrieker":1,"minecraft:potatoes":3,"minecraft:dirt_path":24,"minecraft:oak_stairs":50,"minecraft:stone":152,"minecraft:acacia_leaves":5,"minecraft:soul_fire":3,"minecraft:deepslate_tile_slab":1,"minecraft:oak_fence":15,"minecraft:crafting_table":6,"minecraft:torch":5,"minecraft:emerald_ore":1,"minecraft:poppy":1,"minecraft:sculk_sensor":6,"minecraft:tall_grass":3,"minecraft:copper_ore":5,"minecraft:cobblestone":50,"minecraft:oak_planks":41,"minecraft:cracked_deepslate_bricks":1,"minecraft:sculk":15,"minecraft:wall_torch":8,"minecraft:gray_wool":12,"minecraft:birch_planks":24,"minecraft:birch_log":6,"minecraft:wheat":13,"minecraft:birch_leaves":1,"minecraft:yellow_bed":1,"minecraft:grass":52,"minecraft:cracked_deepslate_tiles":1,"minecraft:oak_log":31,"minecraft:coal_ore":16,"minecraft:beetroots":1,"minecraft:oak_fence_gate":3,"minecraft:acacia_door":9,"minecraft:dirt":36,"minecraft:oak_leaves":33,"minecraft:deepslate":19},"minecraft:killed":{"minecraft:spider":1,"minecraft:skeleton":2,"minecraft:chicken":4,"minecraft:pig":3,"minecraft:sheep":6,"minecraft:zombie":16,"minecraft:villager":1,"minecraft:cow":3},"minecraft:killed_by":{"minecraft:warden":9,"minecraft:skeleton":1,"minecraft:zombie":1},"minecraft:broken":{"minecraft:stone_axe":1,"minecraft:iron_pickaxe":1}},"DataVersion":3465}