{"stats":{"minecraft:crafted":{"minecraft:oak_planks":240,"minecraft:birch_boat":1,"minecraft:cooked_chicken":3,"minecraft:furnace":2,"minecraft:diamond_shovel":1,"minecraft:iron_boots":1,"minecraft:iron_axe":1,"minecraft:stone_pickaxe":1,"minecraft:chest":2,"minecraft:stone_hoe":1,"minecraft:cooked_beef":1,"minecraft:coal_block":1,"minecraft:crafting_table":2,"minecraft:wooden_pickaxe":1,"minecraft:iron_helmet":1,"minecraft:iron_sword":1,"minecraft:birch_planks":24,"minecraft:stone_axe":2,"minecraft:air":0,"minecraft:oak_boat":1,"minecraft:iron_chestplate":1,"minecraft:diamond_pickaxe":1,"minecraft:shield":1,"minecraft:stick":40,"minecraft:oak_stairs":40,"minecraft:iron_pickaxe":2,"minecraft:iron_ingot":38,"minecraft:wooden_axe":1,"minecraft:acacia_door":3,"minecraft:iron_leggings":1,"minecraft:white_bed":1,"minecraft:acacia_planks":40,"minecraft:torch":4},"minecraft:picked_up":{"minecraft:chiseled_deepslate":1,"minecraft:crafting_table":6,"minecraft:chicken":6,"minecraft:oak_stairs":130,"minecraft:potion":3,"minecraft:string":1,"minecraft:raw_copper":20,"minecraft:acacia_door":10,"minecraft:deepslate_tiles":1,"minecraft:gold_nugget":1,"minecraft:cobbled_deepslate":20,"minecraft:beef":3,"minecraft:chest":1,"minecraft:birch_sapling":1,"minecraft:furnace":5,"minecraft:raw_iron":40,"minecraft:oak_door":2,"minecraft:oak_fence":18,"minecraft:torch":33,"minecraft:acacia_log":10,"minecraft:porkchop":8,"minecraft:carrot":31,"minecraft:deepslate_tile_stairs":1,"minecraft:dark_oak_planks":1,"minecraft:arrow":5,"minecraft:rotten_flesh":37,"minecraft:deepslate_bricks":7,"minecraft:cracked_deepslate_bricks":1,"minecraft:mutton":9,"minecraft:white_wool":7,"minecraft:cobblestone":259,"minecraft:stripped_oak_log":2,"minecraft:cracked_deepslate_tiles":1,"minecraft:birch_log":6,"minecraft:feather":6,"minecraft:leather":1,"minecraft:potato":11,"minecraft:birch_planks":28,"minecraft:tuff":2,"minecraft:oak_log":60,"minecraft:yellow_bed":2,"minecraft:cobblestone_stairs":4,"minecraft:deepslate_tile_slab":1,"minecraft:dirt":148,"minecraft:cooked_mutton":7,"minecraft:bone":3,"minecraft:acacia_planks":4,"minecraft:wheat_seeds":28,"minecraft:bell":5,"minecraft:cooked_chicken":1,"minecraft:stripped_oak_wood":1,"minecraft:oak_planks":89,"minecraft:birch_boat":2,"minecraft:dandelion":2,"minecraft:white_bed":9,"minecraft:spider_eye":1,"minecraft:mossy_cobblestone":17,"minecraft:diamond":5,"minecraft:granite":4,"minecraft:golden_apple":1,"minecraft:gray_wool":12,"minecraft:emerald":1,"minecraft:bread":18,"minecraft:oak_sapling":4,"minecraft:coal":44},"minecraft:dropped":{"minecraft:bread":18,"minecraft:mossy_cobblestone":1,"minecraft:acacia_door":1,"minecraft:cobbled_deepslate":1,"minecraft:rotten_flesh":16,"minecraft:carrot":27,"minecraft:potato":8,"minecraft:diamond_pickaxe":1,"minecraft:spider_eye":1,"minecraft:arrow":3},"minecraft:used":{"minecraft:chiseled_deepslate":1,"minecraft:cracked_deepslate_bricks":1,"minecraft:chest":2,"minecraft:shield":3,"minecraft:iron_sword":243,"minecraft:bell":4,"minecraft:cooked_chicken":4,"minecraft:stone_hoe":5,"minecraft:rotten_flesh":2,"minecraft:torch":37,"minecraft:dirt":148,"minecraft:carrot":9,"minecraft:cracked_deepslate_tiles":1,"minecraft:tuff":2,"minecraft:granite":4,"minecraft:dark_oak_planks":1,"minecraft:iron_axe":197,"minecraft:oak_stairs":23,"minecraft:beef":2,"minecraft:deepslate_tile_stairs":1,"minecraft:furnace":7,"minecraft:cooked_beef":1,"minecraft:potato":13,"minecraft:cobbled_deepslate":17,"minecraft:acacia_planks":7,"minecraft:wheat_seeds":26,"minecraft:birch_planks":41,"minecraft:stone_pickaxe":132,"minecraft:oak_planks":156,"minecraft:wooden_pickaxe":18,"minecraft:birch_boat":2,"minecraft:deepslate_bricks":7,"minecraft:white_wool":4,"minecraft:golden_apple":1,"minecraft:mossy_cobblestone":11,"minecraft:crafting_table":8,"minecraft:white_bed":10,"minecraft:deepslate_tiles":1,"minecraft:diamond_pickaxe":19,"minecraft:diamond_shovel":141,"minecraft:acacia_door":9,"minecraft:iron_pickaxe":345,"minecraft:stone_axe":230,"minecraft:cobblestone":190,"minecraft:potion":3,"minecraft:porkchop":8,"minecraft:yellow_bed":2,"minecraft:oak_boat":1,"minecraft:gray_wool":12},"minecraft:custom":{"minecraft:mob_kills":44,"minecraft:interact_with_crafting_table":35,"minecraft:bell_ring":187,"minecraft:leave_game":16,"minecraft:time_since_death":11540,"minecraft:climb_one_cm":3244,"minecraft:sprint_one_cm":490733,"minecraft:walk_one_cm":249816,"minecraft:damage_blocked_by_shield":105,"minecraft:drop":28,"minecraft:talked_to_villager":2,"minecraft:play_time":202347,"minecraft:deaths":30,"minecraft:sneak_time":28345,"minecraft:walk_under_water_one_cm":30730,"minecraft:boat_one_cm":4731,"minecraft:jump":4272,"minecraft:walk_on_water_one_cm":24691,"minecraft:total_world_time":202347,"minecraft:interact_with_furnace":33,"minecraft:sleep_in_bed":5,"minecraft:time_since_rest":11723,"minecraft:damage_absorbed":40,"minecraft:damage_taken":8666,"minecraft:damage_dealt":5982,"minecraft:swim_one_cm":88931,"minecraft:fly_one_cm":652619,"minecraft:player_kills":2,"minecraft:open_chest":19,"minecraft:crouch_one_cm":60426,"minecraft:fall_one_cm":201040},"minecraft:mined":{"minecraft:dark_oak_planks":1,"minecraft:deepslate_tiles":1,"minecraft:tuff":2,"minecraft:white_bed":9,"minecraft:mossy_cobblestone":18,"minecraft:deepslate_diamond_ore":5,"minecraft:oak_door":6,"minecraft:cobblestone_stairs":4,"minecraft:sculk_vein":6,"minecraft:granite":4,"minecraft:acacia_log":10,"minecraft:grass_block":54,"minecraft:deepslate_bricks":9,"minecraft:deepslate_tile_stairs":1,"minecraft:furnace":5,"minecraft:carrots":8,"minecraft:iron_ore":38,"minecraft:cobbled_deepslate":2,"minecraft:chiseled_deepslate":1,"minecraft:azure_bluet":1,"minecraft:bell":5,"minecraft:sculk_shrieker":1,"minecraft:potatoes":3,"minecraft:dirt_path":24,"minecraft:oak_stairs":134,"minecraft:stripped_oak_log":2,"minecraft:stone":155,"minecraft:acacia_leaves":5,"minecraft:glass_pane":4,"minecraft:soul_fire":3,"minecraft:deepslate_tile_slab":1,"minecraft:oak_fence":18,"minecraft:crafting_table":6,"minecraft:torch":6,"minecraft:emerald_ore":1,"minecraft:poppy":1,"minecraft:chest":1,"minecraft:sculk_sensor":6,"minecraft:tall_grass":7,"minecraft:copper_ore":5,"minecraft:cobblestone":116,"minecraft:oak_planks":91,"minecraft:cracked_deepslate_bricks":1,"minecraft:sculk":15,"minecraft:wall_torch":12,"minecraft:gray_wool":12,"minecraft:birch_planks":32,"minecraft:birch_log":6,"minecraft:wheat":13,"minecraft:birch_leaves":3,"minecraft:stripped_oak_wood":1,"minecraft:yellow_bed":2,"minecraft:grass":91,"minecraft:cracked_deepslate_tiles":1,"minecraft:oak_log":60,"minecraft:coal_ore":16,"minecraft:beetroots":1,"minecraft:oak_fence_gate":3,"minecraft:acacia_door":9,"minecraft:dirt":42,"minecraft:oak_leaves":39,"minecraft:deepslate":19},"minecraft:killed":{"minecraft:spider":1,"minecraft:skeleton":3,"minecraft:chicken":4,"minecraft:pig":3,"minecraft:sheep":6,"minecraft:zombie":20,"minecraft:villager":1,"minecraft:cow":3},"minecraft:killed_by":{"minecraft:player":1,"minecraft:warden":9,"minecraft:skeleton":2,"minecraft:zombie":1},"minecraft:broken":{"minecraft:stone_axe":1,"minecraft:iron_pickaxe":1}},"DataVersion":3465}