{"stats":{"minecraft:custom":{"minecraft:interact_with_furnace":1,"minecraft:mob_kills":18,"minecraft:interact_with_crafting_table":13,"minecraft:leave_game":3,"minecraft:time_since_death":10776,"minecraft:sleep_in_bed":5,"minecraft:climb_one_cm":1550,"minecraft:time_since_rest":10803,"minecraft:sprint_one_cm":130596,"minecraft:damage_taken":978,"minecraft:walk_one_cm":80954,"minecraft:damage_dealt":2232,"minecraft:swim_one_cm":4672,"minecraft:fly_one_cm":192985,"minecraft:crouch_one_cm":3433,"minecraft:play_time":45598,"minecraft:deaths":3,"minecraft:sneak_time":2206,"minecraft:walk_under_water_one_cm":5669,"minecraft:boat_one_cm":15660,"minecraft:jump":995,"minecraft:walk_on_water_one_cm":6579,"minecraft:total_world_time":45598,"minecraft:fall_one_cm":34401},"minecraft:picked_up":{"minecraft:crafting_table":1,"minecraft:azure_bluet":1,"minecraft:ladder":1,"minecraft:leather":2,"minecraft:oak_log":39,"minecraft:dirt":8,"minecraft:bone":6,"minecraft:apple":2,"minecraft:wheat_seeds":14,"minecraft:beef":7,"minecraft:oak_boat":2,"minecraft:oak_planks":13,"minecraft:raw_iron":6,"minecraft:stick":5,"minecraft:torch":1,"minecraft:porkchop":8,"minecraft:white_bed":1,"minecraft:arrow":4,"minecraft:rotten_flesh":6,"minecraft:peony":3,"minecraft:red_tulip":1,"minecraft:pink_tulip":1,"minecraft:oak_sapling":13,"minecraft:mutton":4,"minecraft:coal":2,"minecraft:white_wool":3,"minecraft:cobblestone":14},"minecraft:killed":{"minecraft:pig":4,"minecraft:sheep":4,"minecraft:skeleton":3,"minecraft:zombie":3,"minecraft:cow":4},"minecraft:crafted":{"minecraft:oak_planks":116,"minecraft:crafting_table":4,"minecraft:wooden_pickaxe":1,"minecraft:furnace":1,"minecraft:stone_axe":1,"minecraft:oak_boat":1,"minecraft:stick":12,"minecraft:stone_pickaxe":1,"minecraft:wooden_axe":2,"minecraft:light_gray_dye":1,"minecraft:white_bed":1,"minecraft:torch":8},"minecraft:broken":{"minecraft:wooden_axe":1},"minecraft:used":{"minecraft:stone_pickaxe":16,"minecraft:oak_planks":66,"minecraft:wooden_pickaxe":10,"minecraft:rotten_flesh":6,"minecraft:torch":8,"minecraft:mutton":4,"minecraft:crafting_table":4,"minecraft:white_bed":2,"minecraft:oak_log":7,"minecraft:wooden_axe":174,"minecraft:apple":1,"minecraft:stone_axe":81,"minecraft:furnace":1,"minecraft:oak_sapling":4,"minecraft:oak_boat":2},"minecraft:mined":{"minecraft:white_bed":1,"minecraft:crafting_table":2,"minecraft:torch":1,"minecraft:grass_block":4,"minecraft:tall_grass":43,"minecraft:oak_planks":11,"minecraft:wall_torch":1,"minecraft:iron_ore":6,"minecraft:azure_bluet":1,"minecraft:peony":3,"minecraft:grass":66,"minecraft:coal_ore":2,"minecraft:red_tulip":1,"minecraft:oak_log":40,"minecraft:dirt":4,"minecraft:pink_tulip":1,"minecraft:stone":14,"minecraft:oak_leaves":100},"minecraft:killed_by":{"minecraft:skeleton":1}},"DataVersion":3465}