{"stats":{"minecraft:mined":{"minecraft:acacia_leaves":2,"minecraft:furnace":1,"minecraft:iron_ore":14,"minecraft:torch":2,"minecraft:crafting_table":2,"minecraft:granite":4,"minecraft:grass":14,"minecraft:acacia_log":10,"minecraft:coal_ore":14,"minecraft:cobblestone":2,"minecraft:stone":26,"minecraft:wall_torch":2},"minecraft:picked_up":{"minecraft:crafting_table":2,"minecraft:raw_iron":14,"minecraft:torch":11,"minecraft:acacia_log":10,"minecraft:wheat_seeds":2,"minecraft:granite":4,"minecraft:coal":23,"minecraft:cobblestone":28,"minecraft:furnace":1},"minecraft:custom":{"minecraft:time_since_rest":17223,"minecraft:interact_with_furnace":4,"minecraft:sprint_one_cm":12047,"minecraft:damage_taken":10,"minecraft:walk_one_cm":14020,"minecraft:swim_one_cm":2975,"minecraft:interact_with_crafting_table":7,"minecraft:fly_one_cm":13102,"minecraft:crouch_one_cm":1737,"minecraft:play_time":17223,"minecraft:sneak_time":1055,"minecraft:walk_under_water_one_cm":5162,"minecraft:jump":119,"minecraft:leave_game":1,"minecraft:time_since_death":17223,"minecraft:walk_on_water_one_cm":5423,"minecraft:total_world_time":17223,"minecraft:fall_one_cm":4246},"minecraft:crafted":{"minecraft:crafting_table":1,"minecraft:stick":12,"minecraft:iron_ingot":14,"minecraft:wooden_pickaxe":1,"minecraft:iron_pickaxe":1,"minecraft:stone_pickaxe":1,"minecraft:wooden_axe":1,"minecraft:furnace":1,"minecraft:acacia_planks":40,"minecraft:torch":4,"minecraft:stone_axe":1,"minecraft:air":0},"minecraft:used":{"minecraft:stone_pickaxe":49,"minecraft:iron_pickaxe":10,"minecraft:wooden_pickaxe":18,"minecraft:stone_axe":3,"minecraft:torch":11,"minecraft:cobblestone":10,"minecraft:crafting_table":3,"minecraft:furnace":1,"minecraft:granite":2}},"DataVersion":3465}