{"stats":{"minecraft:mined":{"minecraft:acacia_leaves":5,"minecraft:deepslate_diamond_ore":3,"minecraft:sculk_vein":5,"minecraft:deepslate_tile_slab":1,"minecraft:crafting_table":4,"minecraft:torch":3,"minecraft:granite":4,"minecraft:acacia_log":10,"minecraft:emerald_ore":1,"minecraft:grass_block":2,"minecraft:sculk_sensor":5,"minecraft:copper_ore":5,"minecraft:cobblestone":5,"minecraft:sculk":11,"minecraft:wall_torch":5,"minecraft:furnace":5,"minecraft:iron_ore":33,"minecraft:grass":16,"minecraft:coal_ore":16,"minecraft:acacia_door":8,"minecraft:dirt":8,"minecraft:stone":140,"minecraft:oak_leaves":10,"minecraft:deepslate":15},"minecraft:dropped":{"minecraft:acacia_door":1},"minecraft:killed_by":{"minecraft:warden":2},"minecraft:custom":{"minecraft:interact_with_furnace":21,"minecraft:mob_kills":7,"minecraft:interact_with_crafting_table":14,"minecraft:leave_game":10,"minecraft:time_since_death":2725,"minecraft:time_since_rest":2858,"minecraft:sprint_one_cm":74344,"minecraft:damage_taken":1069,"minecraft:walk_one_cm":43850,"minecraft:damage_blocked_by_shield":105,"minecraft:drop":1,"minecraft:damage_dealt":542,"minecraft:swim_one_cm":15242,"minecraft:fly_one_cm":91555,"minecraft:open_chest":3,"minecraft:crouch_one_cm":25918,"minecraft:play_time":67244,"minecraft:deaths":3,"minecraft:sneak_time":12690,"minecraft:walk_under_water_one_cm":12378,"minecraft:jump":763,"minecraft:walk_on_water_one_cm":10925,"minecraft:total_world_time":67244,"minecraft:fall_one_cm":23063},"minecraft:crafted":{"minecraft:cooked_beef":1,"minecraft:coal_block":1,"minecraft:crafting_table":1,"minecraft:wooden_pickaxe":1,"minecraft:iron_helmet":1,"minecraft:cooked_chicken":3,"minecraft:iron_sword":1,"minecraft:furnace":1,"minecraft:stone_axe":1,"minecraft:air":0,"minecraft:iron_boots":1,"minecraft:iron_chestplate":1,"minecraft:shield":1,"minecraft:stick":12,"minecraft:iron_ingot":30,"minecraft:iron_pickaxe":1,"minecraft:stone_pickaxe":1,"minecraft:wooden_axe":1,"minecraft:acacia_door":3,"minecraft:iron_leggings":1,"minecraft:acacia_planks":40,"minecraft:torch":4},"minecraft:used":{"minecraft:stone_pickaxe":49,"minecraft:shield":3,"minecraft:wooden_pickaxe":18,"minecraft:iron_sword":10,"minecraft:cooked_chicken":4,"minecraft:torch":16,"minecraft:crafting_table":4,"minecraft:granite":4,"minecraft:acacia_door":8,"minecraft:iron_pickaxe":218,"minecraft:stone_axe":19,"minecraft:cobblestone":131,"minecraft:furnace":5,"minecraft:cooked_beef":1,"minecraft:acacia_planks":6},"minecraft:killed":{"minecraft:spider":1,"minecraft:sheep":1,"minecraft:chicken":4,"minecraft:cow":1},"minecraft:picked_up":{"minecraft:crafting_table":4,"minecraft:feather":6,"minecraft:chicken":6,"minecraft:string":1,"minecraft:dirt":10,"minecraft:deepslate_tile_slab":1,"minecraft:raw_copper":20,"minecraft:acacia_door":9,"minecraft:acacia_planks":4,"minecraft:wheat_seeds":2,"minecraft:cobbled_deepslate":13,"minecraft:beef":1,"minecraft:cooked_chicken":1,"minecraft:furnace":5,"minecraft:raw_iron":35,"minecraft:torch":15,"minecraft:acacia_log":10,"minecraft:spider_eye":1,"minecraft:diamond":3,"minecraft:granite":4,"minecraft:emerald":1,"minecraft:mutton":1,"minecraft:coal":44,"minecraft:white_wool":1,"minecraft:cobblestone":145}},"DataVersion":3465}