{"stats":{"minecraft:mined":{"minecraft:deepslate_tiles":1,"minecraft:tuff":2,"minecraft:acacia_leaves":5,"minecraft:white_bed":3,"minecraft:deepslate_diamond_ore":5,"minecraft:soul_fire":3,"minecraft:sculk_vein":6,"minecraft:deepslate_tile_slab":1,"minecraft:crafting_table":5,"minecraft:torch":5,"minecraft:granite":4,"minecraft:acacia_log":10,"minecraft:emerald_ore":1,"minecraft:grass_block":2,"minecraft:sculk_sensor":6,"minecraft:deepslate_bricks":9,"minecraft:copper_ore":5,"minecraft:cobblestone":5,"minecraft:deepslate_tile_stairs":1,"minecraft:cracked_deepslate_bricks":1,"minecraft:sculk":15,"minecraft:wall_torch":7,"minecraft:gray_wool":12,"minecraft:furnace":5,"minecraft:iron_ore":33,"minecraft:chiseled_deepslate":1,"minecraft:cracked_deepslate_tiles":1,"minecraft:sculk_shrieker":1,"minecraft:grass":19,"minecraft:coal_ore":16,"minecraft:acacia_door":8,"minecraft:dirt":8,"minecraft:stone":140,"minecraft:oak_leaves":10,"minecraft:deepslate":19,"minecraft:dark_oak_planks":1},"minecraft:killed_by":{"minecraft:warden":9},"minecraft:dropped":{"minecraft:cobbled_deepslate":1,"minecraft:acacia_door":1},"minecraft:custom":{"minecraft:interact_with_furnace":21,"minecraft:mob_kills":17,"minecraft:interact_with_crafting_table":15,"minecraft:leave_game":10,"minecraft:time_since_death":1992,"minecraft:sleep_in_bed":2,"minecraft:climb_one_cm":2714,"minecraft:time_since_rest":1831,"minecraft:sprint_one_cm":168192,"minecraft:damage_taken":3453,"minecraft:walk_one_cm":80704,"minecraft:damage_blocked_by_shield":105,"minecraft:drop":2,"minecraft:damage_dealt":1937,"minecraft:swim_one_cm":15328,"minecraft:fly_one_cm":220916,"minecraft:open_chest":4,"minecraft:crouch_one_cm":33255,"minecraft:play_time":91244,"minecraft:deaths":13,"minecraft:sneak_time":16167,"minecraft:walk_under_water_one_cm":12432,"minecraft:jump":1439,"minecraft:walk_on_water_one_cm":13767,"minecraft:total_world_time":91244,"minecraft:fall_one_cm":46444},"minecraft:crafted":{"minecraft:cooked_beef":1,"minecraft:coal_block":1,"minecraft:crafting_table":1,"minecraft:wooden_pickaxe":1,"minecraft:iron_helmet":1,"minecraft:cooked_chicken":3,"minecraft:iron_sword":1,"minecraft:furnace":1,"minecraft:stone_axe":1,"minecraft:air":0,"minecraft:iron_boots":1,"minecraft:iron_chestplate":1,"minecraft:shield":1,"minecraft:stick":12,"minecraft:iron_ingot":30,"minecraft:iron_pickaxe":1,"minecraft:stone_pickaxe":1,"minecraft:wooden_axe":1,"minecraft:acacia_door":3,"minecraft:iron_leggings":1,"minecraft:white_bed":1,"minecraft:acacia_planks":40,"minecraft:torch":4},"minecraft:used":{"minecraft:chiseled_deepslate":1,"minecraft:cracked_deepslate_bricks":1,"minecraft:stone_pickaxe":49,"minecraft:shield":3,"minecraft:wooden_pickaxe":18,"minecraft:iron_sword":59,"minecraft:cooked_chicken":4,"minecraft:deepslate_bricks":7,"minecraft:torch":22,"minecraft:dirt":25,"minecraft:crafting_table":5,"minecraft:cracked_deepslate_tiles":1,"minecraft:white_bed":3,"minecraft:tuff":2,"minecraft:granite":4,"minecraft:dark_oak_planks":1,"minecraft:acacia_door":8,"minecraft:iron_pickaxe":258,"minecraft:stone_axe":19,"minecraft:cobblestone":131,"minecraft:porkchop":5,"minecraft:furnace":6,"minecraft:cooked_beef":1,"minecraft:cobbled_deepslate":17,"minecraft:acacia_planks":7,"minecraft:gray_wool":12},"minecraft:broken":{"minecraft:iron_pickaxe":1},"minecraft:killed":{"minecraft:pig":3,"minecraft:spider":1,"minecraft:sheep":3,"minecraft:skeleton":1,"minecraft:zombie":1,"minecraft:chicken":4,"minecraft:cow":3},"minecraft:picked_up":{"minecraft:cracked_deepslate_tiles":1,"minecraft:chiseled_deepslate":1,"minecraft:crafting_table":5,"minecraft:feather":6,"minecraft:chicken":6,"minecraft:leather":1,"minecraft:tuff":2,"minecraft:string":1,"minecraft:dirt":25,"minecraft:deepslate_tile_slab":1,"minecraft:raw_copper":20,"minecraft:acacia_door":9,"minecraft:bone":1,"minecraft:acacia_planks":4,"minecraft:deepslate_tiles":1,"minecraft:wheat_seeds":2,"minecraft:cobbled_deepslate":18,"minecraft:beef":3,"minecraft:cooked_chicken":1,"minecraft:furnace":5,"minecraft:raw_iron":35,"minecraft:torch":19,"minecraft:acacia_log":10,"minecraft:porkchop":8,"minecraft:white_bed":3,"minecraft:deepslate_tile_stairs":1,"minecraft:spider_eye":1,"minecraft:dark_oak_planks":1,"minecraft:arrow":1,"minecraft:rotten_flesh":1,"minecraft:diamond":5,"minecraft:deepslate_bricks":7,"minecraft:granite":4,"minecraft:cracked_deepslate_bricks":1,"minecraft:gray_wool":12,"minecraft:emerald":1,"minecraft:mutton":6,"minecraft:coal":44,"minecraft:white_wool":4,"minecraft:cobblestone":145}},"DataVersion":3465}