{"stats":{"minecraft:picked_up":{"minecraft:arrow":1,"minecraft:apple":1,"minecraft:oak_log":7,"minecraft:oak_sapling":1},"minecraft:custom":{"minecraft:time_since_rest":1988,"minecraft:deaths":1,"minecraft:sprint_one_cm":19565,"minecraft:play_time":9804,"minecraft:damage_taken":255,"minecraft:walk_one_cm":9539,"minecraft:sneak_time":51,"minecraft:jump":99,"minecraft:damage_dealt":132,"minecraft:leave_game":2,"minecraft:time_since_death":0,"minecraft:total_world_time":9804,"minecraft:fall_one_cm":3054,"minecraft:fly_one_cm":19540},"minecraft:crafted":{"minecraft:oak_planks":16,"minecraft:crafting_table":1,"minecraft:stick":4},"minecraft:mined":{"minecraft:grass":2,"minecraft:oak_log":8,"minecraft:oak_leaves":3},"minecraft:killed_by":{"minecraft:skeleton":1}},"DataVersion":3465}