{"stats":{"minecraft:killed":{"minecraft:pig":11,"minecraft:sheep":10,"minecraft:skeleton":4,"minecraft:zombie":4,"minecraft:chicken":1,"minecraft:cow":8},"minecraft:dropped":{"minecraft:iron_pickaxe":4},"minecraft:broken":{"minecraft:stone_axe":1,"minecraft:wooden_axe":1},"minecraft:killed_by":{"minecraft:skeleton":1,"minecraft:zombie":3},"minecraft:mined":{"minecraft:white_bed":6,"minecraft:crafting_table":4,"minecraft:torch":2,"minecraft:emerald_ore":7,"minecraft:grass_block":5,"minecraft:tall_grass":49,"minecraft:oak_planks":11,"minecraft:diorite":1,"minecraft:wall_torch":2,"minecraft:furnace":4,"minecraft:iron_ore":49,"minecraft:peony":3,"minecraft:azure_bluet":1,"minecraft:grass":90,"minecraft:red_tulip":1,"minecraft:oak_log":50,"minecraft:coal_ore":18,"minecraft:dirt":4,"minecraft:pink_tulip":1,"minecraft:stone":31,"minecraft:oak_leaves":104},"minecraft:custom":{"minecraft:interact_with_furnace":15,"minecraft:mob_kills":38,"minecraft:interact_with_crafting_table":18,"minecraft:leave_game":6,"minecraft:time_since_death":23548,"minecraft:sleep_in_bed":7,"minecraft:climb_one_cm":3459,"minecraft:time_since_rest":6693,"minecraft:sprint_one_cm":245888,"minecraft:damage_taken":2003,"minecraft:walk_one_cm":110449,"minecraft:drop":4,"minecraft:damage_dealt":4633,"minecraft:swim_one_cm":15912,"minecraft:fly_one_cm":424754,"minecraft:crouch_one_cm":5748,"minecraft:play_time":80700,"minecraft:deaths":6,"minecraft:sneak_time":3979,"minecraft:walk_under_water_one_cm":10191,"minecraft:boat_one_cm":96480,"minecraft:jump":2094,"minecraft:walk_on_water_one_cm":30079,"minecraft:total_world_time":80700,"minecraft:fall_one_cm":76790},"minecraft:used":{"minecraft:stone_pickaxe":95,"minecraft:oak_planks":75,"minecraft:wooden_pickaxe":10,"minecraft:rotten_flesh":6,"minecraft:torch":10,"minecraft:dirt":9,"minecraft:mutton":4,"minecraft:crafting_table":7,"minecraft:white_bed":6,"minecraft:oak_log":7,"minecraft:wooden_axe":174,"minecraft:apple":4,"minecraft:iron_pickaxe":18,"minecraft:stone_axe":172,"minecraft:cobblestone":3,"minecraft:furnace":5,"minecraft:oak_sapling":4,"minecraft:cooked_porkchop":6,"minecraft:oak_boat":6},"minecraft:crafted":{"minecraft:oak_planks":136,"minecraft:cooked_porkchop":6,"minecraft:crafting_table":6,"minecraft:wooden_pickaxe":1,"minecraft:furnace":2,"minecraft:stone_axe":2,"minecraft:air":0,"minecraft:oak_boat":2,"minecraft:stick":16,"minecraft:iron_ingot":3,"minecraft:iron_pickaxe":1,"minecraft:stone_pickaxe":1,"minecraft:wooden_axe":2,"minecraft:light_gray_dye":1,"minecraft:white_bed":1,"minecraft:torch":8},"minecraft:picked_up":{"minecraft:crafting_table":3,"minecraft:feather":1,"minecraft:azure_bluet":1,"minecraft:chicken":1,"minecraft:ladder":1,"minecraft:leather":7,"minecraft:oak_log":49,"minecraft:dirt":9,"minecraft:bone":8,"minecraft:apple":5,"minecraft:wheat_seeds":18,"minecraft:beef":15,"minecraft:oak_boat":5,"minecraft:iron_pickaxe":4,"minecraft:oak_planks":22,"minecraft:furnace":4,"minecraft:stick":7,"minecraft:raw_iron":87,"minecraft:torch":3,"minecraft:porkchop":80,"minecraft:diorite":1,"minecraft:white_bed":6,"minecraft:arrow":6,"minecraft:rotten_flesh":7,"minecraft:peony":3,"minecraft:red_tulip":1,"minecraft:pink_tulip":1,"minecraft:emerald":6,"minecraft:oak_sapling":14,"minecraft:mutton":14,"minecraft:coal":60,"minecraft:white_wool":9,"minecraft:cobblestone":30}},"DataVersion":3465}