{"stats":{"minecraft:broken":{"minecraft:stone_axe":1,"minecraft:wooden_axe":1},"minecraft:custom":{"minecraft:interact_with_furnace":1,"minecraft:mob_kills":32,"minecraft:interact_with_crafting_table":16,"minecraft:leave_game":3,"minecraft:time_since_death":6077,"minecraft:sleep_in_bed":6,"minecraft:climb_one_cm":1550,"minecraft:time_since_rest":6105,"minecraft:sprint_one_cm":189246,"minecraft:damage_taken":1518,"minecraft:walk_one_cm":96497,"minecraft:damage_dealt":3904,"minecraft:swim_one_cm":15285,"minecraft:fly_one_cm":289271,"minecraft:crouch_one_cm":4441,"minecraft:play_time":63229,"minecraft:deaths":6,"minecraft:sneak_time":3374,"minecraft:walk_under_water_one_cm":10101,"minecraft:boat_one_cm":96480,"minecraft:jump":1436,"minecraft:walk_on_water_one_cm":26994,"minecraft:total_world_time":63229,"minecraft:fall_one_cm":47475},"minecraft:crafted":{"minecraft:oak_planks":136,"minecraft:crafting_table":5,"minecraft:wooden_pickaxe":1,"minecraft:furnace":1,"minecraft:stone_axe":2,"minecraft:oak_boat":2,"minecraft:stick":16,"minecraft:stone_pickaxe":1,"minecraft:wooden_axe":2,"minecraft:light_gray_dye":1,"minecraft:white_bed":1,"minecraft:torch":8},"minecraft:mined":{"minecraft:white_bed":4,"minecraft:crafting_table":3,"minecraft:torch":1,"minecraft:grass_block":4,"minecraft:tall_grass":49,"minecraft:oak_planks":11,"minecraft:diorite":1,"minecraft:wall_torch":1,"minecraft:iron_ore":47,"minecraft:peony":3,"minecraft:azure_bluet":1,"minecraft:grass":78,"minecraft:oak_log":45,"minecraft:red_tulip":1,"minecraft:coal_ore":18,"minecraft:dirt":4,"minecraft:pink_tulip":1,"minecraft:stone":26,"minecraft:oak_leaves":103},"minecraft:killed":{"minecraft:pig":11,"minecraft:sheep":10,"minecraft:skeleton":3,"minecraft:zombie":4,"minecraft:cow":4},"minecraft:killed_by":{"minecraft:skeleton":1,"minecraft:zombie":3},"minecraft:used":{"minecraft:stone_pickaxe":92,"minecraft:oak_planks":66,"minecraft:wooden_pickaxe":10,"minecraft:rotten_flesh":6,"minecraft:torch":8,"minecraft:mutton":4,"minecraft:crafting_table":6,"minecraft:white_bed":4,"minecraft:oak_log":7,"minecraft:wooden_axe":174,"minecraft:apple":1,"minecraft:stone_axe":147,"minecraft:cobblestone":3,"minecraft:furnace":1,"minecraft:oak_sapling":4,"minecraft:oak_boat":6},"minecraft:picked_up":{"minecraft:crafting_table":2,"minecraft:azure_bluet":1,"minecraft:ladder":1,"minecraft:leather":2,"minecraft:oak_log":44,"minecraft:dirt":8,"minecraft:bone":6,"minecraft:apple":3,"minecraft:wheat_seeds":17,"minecraft:beef":7,"minecraft:oak_boat":5,"minecraft:oak_planks":13,"minecraft:raw_iron":47,"minecraft:stick":5,"minecraft:torch":1,"minecraft:porkchop":23,"minecraft:diorite":1,"minecraft:white_bed":4,"minecraft:arrow":4,"minecraft:rotten_flesh":7,"minecraft:peony":3,"minecraft:red_tulip":1,"minecraft:pink_tulip":1,"minecraft:oak_sapling":13,"minecraft:mutton":14,"minecraft:coal":18,"minecraft:white_wool":9,"minecraft:cobblestone":26}},"DataVersion":3465}