{"stats":{"minecraft:broken":{"minecraft:stone_axe":2,"minecraft:wooden_axe":1},"minecraft:custom":{"minecraft:interact_with_furnace":29,"minecraft:mob_kills":47,"minecraft:interact_with_crafting_table":24,"minecraft:leave_game":14,"minecraft:time_since_death":35172,"minecraft:sleep_in_bed":10,"minecraft:climb_one_cm":5009,"minecraft:time_since_rest":16344,"minecraft:sprint_one_cm":416829,"minecraft:damage_taken":3498,"minecraft:walk_one_cm":174640,"minecraft:damage_blocked_by_shield":55,"minecraft:drop":21,"minecraft:damage_dealt":6103,"minecraft:swim_one_cm":56804,"minecraft:fly_one_cm":639759,"minecraft:open_chest":6,"minecraft:play_time":141281,"minecraft:crouch_one_cm":7510,"minecraft:deaths":10,"minecraft:sneak_time":5020,"minecraft:walk_under_water_one_cm":22298,"minecraft:boat_one_cm":262800,"minecraft:jump":3228,"minecraft:walk_on_water_one_cm":51834,"minecraft:total_world_time":141281,"minecraft:fall_one_cm":116245},"minecraft:crafted":{"minecraft:oak_planks":156,"minecraft:cooked_porkchop":10,"minecraft:crafting_table":7,"minecraft:wooden_pickaxe":1,"minecraft:iron_sword":1,"minecraft:furnace":2,"minecraft:stone_axe":2,"minecraft:air":0,"minecraft:oak_boat":2,"minecraft:shield":1,"minecraft:stick":16,"minecraft:iron_ingot":6,"minecraft:iron_pickaxe":1,"minecraft:stone_pickaxe":1,"minecraft:wooden_axe":2,"minecraft:light_gray_dye":1,"minecraft:white_bed":1,"minecraft:torch":8},"minecraft:mined":{"minecraft:dark_oak_planks":1,"minecraft:white_bed":16,"minecraft:dandelion":1,"minecraft:crafting_table":6,"minecraft:torch":2,"minecraft:emerald_ore":7,"minecraft:grass_block":5,"minecraft:tall_grass":65,"minecraft:spruce_leaves":3,"minecraft:moss_block":1,"minecraft:oak_planks":11,"minecraft:diorite":1,"minecraft:wall_torch":2,"minecraft:furnace":8,"minecraft:dark_oak_door":4,"minecraft:iron_ore":49,"minecraft:birch_leaves":1,"minecraft:azure_bluet":1,"minecraft:peony":3,"minecraft:grass":97,"minecraft:red_tulip":1,"minecraft:oak_log":50,"minecraft:coal_ore":18,"minecraft:mycelium":1,"minecraft:dirt":4,"minecraft:pink_tulip":1,"minecraft:stone":31,"minecraft:oak_leaves":108},"minecraft:killed":{"minecraft:pig":11,"minecraft:witch":1,"minecraft:horse":1,"minecraft:sheep":16,"minecraft:skeleton":5,"minecraft:zombie":4,"minecraft:chicken":1,"minecraft:cow":8},"minecraft:killed_by":{"minecraft:skeleton":1,"minecraft:spider":1,"minecraft:zombie":5},"minecraft:used":{"minecraft:stone_pickaxe":95,"minecraft:oak_planks":75,"minecraft:wooden_pickaxe":10,"minecraft:shield":2,"minecraft:iron_sword":29,"minecraft:rotten_flesh":6,"minecraft:torch":10,"minecraft:dirt":9,"minecraft:mutton":4,"minecraft:crafting_table":10,"minecraft:white_bed":16,"minecraft:dark_oak_door":3,"minecraft:oak_log":7,"minecraft:wooden_axe":177,"minecraft:apple":4,"minecraft:iron_pickaxe":30,"minecraft:stone_axe":192,"minecraft:cobblestone":3,"minecraft:beef":5,"minecraft:furnace":9,"minecraft:oak_sapling":8,"minecraft:cooked_porkchop":10,"minecraft:oak_boat":13},"minecraft:dropped":{"minecraft:moss_block":1,"minecraft:porkchop":7,"minecraft:raw_iron":10,"minecraft:feather":1,"minecraft:oak_planks":10,"minecraft:coal":5,"minecraft:torch":2,"minecraft:iron_pickaxe":4},"minecraft:picked_up":{"minecraft:crafting_table":4,"minecraft:azure_bluet":1,"minecraft:feather":1,"minecraft:chicken":1,"minecraft:ladder":1,"minecraft:leather":9,"minecraft:oak_log":49,"minecraft:dirt":10,"minecraft:bone":8,"minecraft:apple":5,"minecraft:wheat_seeds":19,"minecraft:beef":15,"minecraft:oak_boat":11,"minecraft:iron_pickaxe":4,"minecraft:glowstone_dust":2,"minecraft:moss_block":1,"minecraft:oak_planks":22,"minecraft:egg":3,"minecraft:furnace":7,"minecraft:dark_oak_door":4,"minecraft:stick":7,"minecraft:raw_iron":163,"minecraft:torch":4,"minecraft:porkchop":93,"minecraft:diorite":1,"minecraft:white_bed":16,"minecraft:arrow":8,"minecraft:rotten_flesh":7,"minecraft:peony":3,"minecraft:red_tulip":1,"minecraft:pink_tulip":1,"minecraft:emerald":6,"minecraft:oak_sapling":17,"minecraft:mutton":24,"minecraft:coal":93,"minecraft:white_wool":15,"minecraft:cobblestone":30}},"DataVersion":3465}