{"stats":{"minecraft:picked_up":{"minecraft:stick":5,"minecraft:crafting_table":1,"minecraft:ladder":1,"minecraft:torch":1,"minecraft:oak_log":31,"minecraft:dirt":8,"minecraft:arrow":1,"minecraft:rotten_flesh":2,"minecraft:apple":2,"minecraft:wheat_seeds":9,"minecraft:oak_sapling":13,"minecraft:oak_planks":10,"minecraft:mutton":4,"minecraft:coal":2,"minecraft:white_wool":3,"minecraft:cobblestone":6},"minecraft:custom":{"minecraft:time_since_rest":0,"minecraft:sprint_one_cm":71361,"minecraft:damage_taken":485,"minecraft:walk_one_cm":42758,"minecraft:mob_kills":4,"minecraft:damage_dealt":472,"minecraft:interact_with_crafting_table":6,"minecraft:swim_one_cm":2340,"minecraft:fly_one_cm":102254,"minecraft:crouch_one_cm":2014,"minecraft:play_time":27386,"minecraft:deaths":2,"minecraft:sneak_time":1777,"minecraft:walk_under_water_one_cm":889,"minecraft:jump":503,"minecraft:leave_game":3,"minecraft:time_since_death":355,"minecraft:walk_on_water_one_cm":3230,"minecraft:sleep_in_bed":3,"minecraft:climb_one_cm":28,"minecraft:total_world_time":27386,"minecraft:fall_one_cm":16214},"minecraft:killed":{"minecraft:sheep":3,"minecraft:cow":1},"minecraft:crafted":{"minecraft:oak_planks":84,"minecraft:crafting_table":2,"minecraft:stick":8,"minecraft:wooden_pickaxe":1,"minecraft:wooden_axe":2,"minecraft:white_bed":1,"minecraft:torch":8},"minecraft:broken":{"minecraft:wooden_axe":1},"minecraft:used":{"minecraft:oak_log":7,"minecraft:wooden_axe":174,"minecraft:oak_planks":57,"minecraft:wooden_pickaxe":9,"minecraft:rotten_flesh":2,"minecraft:torch":6,"minecraft:mutton":2,"minecraft:crafting_table":2,"minecraft:oak_sapling":4,"minecraft:white_bed":1},"minecraft:mined":{"minecraft:crafting_table":2,"minecraft:grass":47,"minecraft:coal_ore":2,"minecraft:grass_block":4,"minecraft:oak_log":32,"minecraft:dirt":4,"minecraft:tall_grass":36,"minecraft:stone":6,"minecraft:oak_planks":6,"minecraft:wall_torch":1,"minecraft:oak_leaves":100},"minecraft:killed_by":{"minecraft:skeleton":1}},"DataVersion":3465}