{"stats":{"minecraft:picked_up":{"minecraft:crafting_table":4,"minecraft:feather":6,"minecraft:chicken":6,"minecraft:dirt":10,"minecraft:raw_copper":20,"minecraft:acacia_door":9,"minecraft:acacia_planks":4,"minecraft:wheat_seeds":2,"minecraft:cobbled_deepslate":9,"minecraft:beef":1,"minecraft:cooked_chicken":1,"minecraft:furnace":5,"minecraft:raw_iron":34,"minecraft:torch":15,"minecraft:acacia_log":10,"minecraft:granite":4,"minecraft:emerald":1,"minecraft:coal":44,"minecraft:cobblestone":145},"minecraft:crafted":{"minecraft:cooked_beef":1,"minecraft:coal_block":1,"minecraft:crafting_table":1,"minecraft:iron_helmet":1,"minecraft:wooden_pickaxe":1,"minecraft:cooked_chicken":3,"minecraft:iron_sword":1,"minecraft:furnace":1,"minecraft:stone_axe":1,"minecraft:air":0,"minecraft:iron_boots":1,"minecraft:iron_chestplate":1,"minecraft:shield":1,"minecraft:stick":12,"minecraft:iron_ingot":30,"minecraft:iron_pickaxe":1,"minecraft:stone_pickaxe":1,"minecraft:wooden_axe":1,"minecraft:acacia_door":3,"minecraft:iron_leggings":1,"minecraft:acacia_planks":40,"minecraft:torch":4},"minecraft:dropped":{"minecraft:acacia_door":1},"minecraft:mined":{"minecraft:acacia_leaves":2,"minecraft:sculk_vein":2,"minecraft:crafting_table":4,"minecraft:torch":3,"minecraft:granite":4,"minecraft:acacia_log":10,"minecraft:emerald_ore":1,"minecraft:grass_block":2,"minecraft:copper_ore":5,"minecraft:cobblestone":5,"minecraft:sculk":8,"minecraft:wall_torch":5,"minecraft:furnace":5,"minecraft:iron_ore":32,"minecraft:grass":15,"minecraft:coal_ore":16,"minecraft:acacia_door":8,"minecraft:dirt":8,"minecraft:stone":140,"minecraft:oak_leaves":10,"minecraft:deepslate":11},"minecraft:custom":{"minecraft:interact_with_furnace":21,"minecraft:mob_kills":5,"minecraft:interact_with_crafting_table":14,"minecraft:leave_game":3,"minecraft:time_since_death":46331,"minecraft:time_since_rest":46331,"minecraft:sprint_one_cm":39991,"minecraft:damage_taken":360,"minecraft:walk_one_cm":35980,"minecraft:drop":1,"minecraft:damage_dealt":260,"minecraft:swim_one_cm":11913,"minecraft:fly_one_cm":46172,"minecraft:crouch_one_cm":11301,"minecraft:play_time":46331,"minecraft:sneak_time":5544,"minecraft:walk_under_water_one_cm":11728,"minecraft:jump":542,"minecraft:walk_on_water_one_cm":10847,"minecraft:total_world_time":46331,"minecraft:fall_one_cm":17026},"minecraft:killed":{"minecraft:chicken":4,"minecraft:cow":1},"minecraft:used":{"minecraft:stone_pickaxe":49,"minecraft:wooden_pickaxe":18,"minecraft:iron_sword":2,"minecraft:cooked_chicken":4,"minecraft:torch":16,"minecraft:crafting_table":4,"minecraft:granite":4,"minecraft:acacia_door":8,"minecraft:iron_pickaxe":194,"minecraft:stone_axe":19,"minecraft:cobblestone":102,"minecraft:furnace":5,"minecraft:cooked_beef":1,"minecraft:acacia_planks":6}},"DataVersion":3465}