{"stats":{"minecraft:crafted":{"minecraft:acacia_planks":12,"minecraft:crafting_table":2,"minecraft:stick":8},"minecraft:picked_up":{"minecraft:wheat_seeds":1,"minecraft:acacia_log":7,"minecraft:mutton":4,"minecraft:white_wool":2},"minecraft:used":{"minecraft:mutton":2,"minecraft:crafting_table":1},"minecraft:custom":{"minecraft:time_since_rest":7987,"minecraft:sprint_one_cm":29227,"minecraft:play_time":11463,"minecraft:deaths":1,"minecraft:damage_taken":390,"minecraft:walk_one_cm":20785,"minecraft:sneak_time":16,"minecraft:walk_under_water_one_cm":919,"minecraft:mob_kills":2,"minecraft:jump":297,"minecraft:damage_dealt":273,"minecraft:leave_game":1,"minecraft:walk_on_water_one_cm":904,"minecraft:time_since_death":7955,"minecraft:total_world_time":11463,"minecraft:swim_one_cm":553,"minecraft:interact_with_crafting_table":1,"minecraft:fall_one_cm":9028,"minecraft:fly_one_cm":47556},"minecraft:mined":{"minecraft:grass":9,"minecraft:acacia_log":7,"minecraft:acacia_leaves":1,"minecraft:tall_grass":5},"minecraft:killed":{"minecraft:sheep":2},"minecraft:killed_by":{"minecraft:skeleton":1}},"DataVersion":3465}