{"stats":{"minecraft:crafted":{"minecraft:crafting_table":2,"minecraft:stick":8,"minecraft:wooden_pickaxe":1,"minecraft:stone_pickaxe":2,"minecraft:acacia_planks":28},"minecraft:picked_up":{"minecraft:raw_iron":5,"minecraft:andesite":6,"minecraft:acacia_log":7,"minecraft:gravel":1,"minecraft:flint":1,"minecraft:diorite":2,"minecraft:wheat_seeds":1,"minecraft:mutton":4,"minecraft:white_wool":2,"minecraft:cobblestone":116},"minecraft:used":{"minecraft:stone_pickaxe":107,"minecraft:wooden_pickaxe":27,"minecraft:white_wool":2,"minecraft:cobblestone":12,"minecraft:mutton":4,"minecraft:crafting_table":2,"minecraft:acacia_planks":1},"minecraft:custom":{"minecraft:time_since_rest":79,"minecraft:sprint_one_cm":40174,"minecraft:damage_taken":1045,"minecraft:walk_one_cm":37892,"minecraft:mob_kills":2,"minecraft:damage_dealt":410,"minecraft:interact_with_crafting_table":3,"minecraft:swim_one_cm":553,"minecraft:fly_one_cm":60344,"minecraft:play_time":22047,"minecraft:deaths":4,"minecraft:sneak_time":56,"minecraft:walk_under_water_one_cm":3794,"minecraft:jump":437,"minecraft:leave_game":2,"minecraft:time_since_death":44,"minecraft:walk_on_water_one_cm":2120,"minecraft:total_world_time":22047,"minecraft:fall_one_cm":15140},"minecraft:mined":{"minecraft:acacia_leaves":1,"minecraft:iron_ore":6,"minecraft:andesite":6,"minecraft:grass":9,"minecraft:acacia_log":7,"minecraft:gravel":2,"minecraft:tall_grass":5,"minecraft:stone":116,"minecraft:diorite":2},"minecraft:killed":{"minecraft:sheep":2},"minecraft:killed_by":{"minecraft:skeleton":2,"minecraft:zombie":1}},"DataVersion":3465}