{"stats":{"minecraft:picked_up":{"minecraft:oak_log":6},"minecraft:custom":{"minecraft:jump":41,"minecraft:damage_taken":350,"minecraft:time_since_rest":2051,"minecraft:leave_game":2,"minecraft:time_since_death":2012,"minecraft:play_time":5387,"minecraft:crouch_one_cm":92,"minecraft:walk_one_cm":13085,"minecraft:sprint_one_cm":6071,"minecraft:deaths":1,"minecraft:sneak_time":319,"minecraft:total_world_time":5387,"minecraft:fall_one_cm":685,"minecraft:fly_one_cm":5127,"minecraft:damage_dealt":101},"minecraft:crafted":{"minecraft:crafting_table":4,"minecraft:oak_planks":16},"minecraft:mined":{"minecraft:grass":1,"minecraft:oak_log":7,"minecraft:oak_leaves":3},"minecraft:killed_by":{"minecraft:skeleton":1}},"DataVersion":3465}