{"stats":{"minecraft:custom":{"minecraft:time_since_rest":27204,"minecraft:sprint_one_cm":11565,"minecraft:damage_absorbed":160,"minecraft:damage_taken":983,"minecraft:walk_one_cm":206552,"minecraft:mob_kills":2,"minecraft:drop":5,"minecraft:damage_dealt":828,"minecraft:interact_with_crafting_table":11,"minecraft:fly_one_cm":27458,"minecraft:open_chest":2,"minecraft:crouch_one_cm":1521,"minecraft:play_time":59695,"minecraft:deaths":2,"minecraft:sneak_time":771,"minecraft:walk_under_water_one_cm":14560,"minecraft:boat_one_cm":130487,"minecraft:jump":392,"minecraft:leave_game":3,"minecraft:time_since_death":26953,"minecraft:walk_on_water_one_cm":18277,"minecraft:total_world_time":59695,"minecraft:damage_resisted":99,"minecraft:climb_one_cm":4448,"minecraft:fall_one_cm":5730},"minecraft:crafted":{"minecraft:oak_planks":32,"minecraft:crafting_table":4,"minecraft:stick":8,"minecraft:wooden_pickaxe":1,"minecraft:stone_pickaxe":1,"minecraft:stone_sword":1},"minecraft:mined":{"minecraft:dandelion":2,"minecraft:crafting_table":3,"minecraft:grass":34,"minecraft:grass_block":8,"minecraft:oak_log":19,"minecraft:sand":2,"minecraft:dirt":5,"minecraft:tall_grass":2,"minecraft:stone":15,"minecraft:oak_leaves":5,"minecraft:wall_torch":2},"minecraft:killed":{"minecraft:sheep":1,"minecraft:zombie":1},"minecraft:killed_by":{"minecraft:skeleton":2},"minecraft:used":{"minecraft:oak_log":5,"minecraft:stone_sword":66,"minecraft:stone_pickaxe":13,"minecraft:oak_planks":3,"minecraft:suspicious_stew":1,"minecraft:wooden_pickaxe":27,"minecraft:iron_sword":5,"minecraft:light_gray_wool":1,"minecraft:dirt":7,"minecraft:mutton":1,"minecraft:crafting_table":5,"minecraft:enchanted_golden_apple":1,"minecraft:experience_bottle":1},"minecraft:dropped":{"minecraft:iron_ingot":13,"minecraft:stone_pickaxe":2,"minecraft:leather_helmet":2},"minecraft:picked_up":{"minecraft:crafting_table":3,"minecraft:iron_chestplate":1,"minecraft:suspicious_stew":1,"minecraft:torch":1,"minecraft:dandelion":2,"minecraft:sand":1,"minecraft:oak_log":18,"minecraft:spruce_log":1,"minecraft:lapis_lazuli":5,"minecraft:dark_oak_log":1,"minecraft:dirt":43,"minecraft:leather_helmet":2,"minecraft:iron_leggings":1,"minecraft:experience_bottle":1,"minecraft:rotten_flesh":2,"minecraft:diamond":1,"minecraft:wheat_seeds":2,"minecraft:iron_helmet":1,"minecraft:iron_ingot":13,"minecraft:stone_pickaxe":2,"minecraft:oak_planks":3,"minecraft:oak_boat":1,"minecraft:poppy":1,"minecraft:bread":5,"minecraft:gold_ingot":1,"minecraft:light_gray_wool":1,"minecraft:enchanted_golden_apple":1,"minecraft:oak_sapling":1,"minecraft:mutton":6,"minecraft:iron_sword":1,"minecraft:white_wool":1,"minecraft:cobblestone":15}},"DataVersion":3465}