{"stats":{"minecraft:picked_up":{"minecraft:crafting_table":3,"minecraft:oak_log":15,"minecraft:dirt":12,"minecraft:light_gray_wool":1,"minecraft:enchanted_golden_apple":1,"minecraft:mutton":1,"minecraft:cobblestone":15},"minecraft:custom":{"minecraft:time_since_rest":26051,"minecraft:sprint_one_cm":11565,"minecraft:damage_absorbed":160,"minecraft:damage_taken":524,"minecraft:walk_one_cm":94145,"minecraft:mob_kills":1,"minecraft:damage_dealt":527,"minecraft:interact_with_crafting_table":11,"minecraft:fly_one_cm":26386,"minecraft:crouch_one_cm":94,"minecraft:play_time":29387,"minecraft:deaths":1,"minecraft:sneak_time":459,"minecraft:walk_under_water_one_cm":602,"minecraft:jump":226,"minecraft:leave_game":2,"minecraft:time_since_death":26012,"minecraft:damage_resisted":51,"minecraft:total_world_time":29387,"minecraft:climb_one_cm":4448,"minecraft:fall_one_cm":4559},"minecraft:killed":{"minecraft:sheep":1},"minecraft:crafted":{"minecraft:oak_planks":32,"minecraft:crafting_table":4,"minecraft:stick":8,"minecraft:wooden_pickaxe":1,"minecraft:stone_pickaxe":1,"minecraft:stone_sword":1},"minecraft:used":{"minecraft:oak_log":1,"minecraft:stone_sword":34,"minecraft:stone_pickaxe":13,"minecraft:oak_planks":3,"minecraft:wooden_pickaxe":25,"minecraft:light_gray_wool":1,"minecraft:dirt":7,"minecraft:mutton":1,"minecraft:crafting_table":5,"minecraft:enchanted_golden_apple":1},"minecraft:mined":{"minecraft:crafting_table":3,"minecraft:grass":19,"minecraft:grass_block":8,"minecraft:oak_log":16,"minecraft:dirt":5,"minecraft:tall_grass":1,"minecraft:stone":15,"minecraft:oak_leaves":5},"minecraft:killed_by":{"minecraft:skeleton":1}},"DataVersion":3465}