{"stats":{"minecraft:dropped":{"minecraft:iron_ingot":13},"minecraft:picked_up":{"minecraft:crafting_table":3,"minecraft:suspicious_stew":1,"minecraft:torch":1,"minecraft:dandelion":2,"minecraft:sand":1,"minecraft:oak_log":16,"minecraft:lapis_lazuli":5,"minecraft:dark_oak_log":1,"minecraft:leather_helmet":1,"minecraft:dirt":12,"minecraft:experience_bottle":1,"minecraft:diamond":1,"minecraft:iron_ingot":13,"minecraft:gold_ingot":1,"minecraft:light_gray_wool":1,"minecraft:enchanted_golden_apple":1,"minecraft:mutton":2,"minecraft:cobblestone":15},"minecraft:custom":{"minecraft:time_since_rest":8896,"minecraft:sprint_one_cm":11565,"minecraft:damage_absorbed":160,"minecraft:damage_taken":826,"minecraft:walk_one_cm":147018,"minecraft:mob_kills":2,"minecraft:drop":1,"minecraft:damage_dealt":819,"minecraft:interact_with_crafting_table":11,"minecraft:fly_one_cm":26906,"minecraft:open_chest":2,"minecraft:crouch_one_cm":94,"minecraft:play_time":41387,"minecraft:deaths":2,"minecraft:sneak_time":471,"minecraft:walk_under_water_one_cm":10083,"minecraft:jump":294,"minecraft:leave_game":2,"minecraft:walk_on_water_one_cm":9860,"minecraft:time_since_death":8645,"minecraft:damage_resisted":99,"minecraft:total_world_time":41387,"minecraft:climb_one_cm":4448,"minecraft:fall_one_cm":5186},"minecraft:killed":{"minecraft:sheep":1,"minecraft:zombie":1},"minecraft:crafted":{"minecraft:oak_planks":32,"minecraft:crafting_table":4,"minecraft:stick":8,"minecraft:wooden_pickaxe":1,"minecraft:stone_pickaxe":1,"minecraft:stone_sword":1},"minecraft:used":{"minecraft:oak_log":1,"minecraft:stone_sword":66,"minecraft:stone_pickaxe":13,"minecraft:suspicious_stew":1,"minecraft:oak_planks":3,"minecraft:wooden_pickaxe":25,"minecraft:light_gray_wool":1,"minecraft:dirt":7,"minecraft:mutton":1,"minecraft:crafting_table":5,"minecraft:enchanted_golden_apple":1,"minecraft:experience_bottle":1},"minecraft:mined":{"minecraft:dandelion":2,"minecraft:crafting_table":3,"minecraft:grass":28,"minecraft:grass_block":8,"minecraft:oak_log":16,"minecraft:sand":2,"minecraft:dirt":5,"minecraft:tall_grass":2,"minecraft:stone":15,"minecraft:oak_leaves":5,"minecraft:wall_torch":2},"minecraft:killed_by":{"minecraft:skeleton":2}},"DataVersion":3465}