{"stats":{"minecraft:custom":{"minecraft:time_since_rest":14051,"minecraft:crouch_one_cm":94,"minecraft:deaths":1,"minecraft:sprint_one_cm":8511,"minecraft:play_time":17387,"minecraft:damage_taken":350,"minecraft:walk_one_cm":30924,"minecraft:sneak_time":431,"minecraft:walk_under_water_one_cm":602,"minecraft:mob_kills":1,"minecraft:jump":125,"minecraft:damage_dealt":181,"minecraft:leave_game":2,"minecraft:time_since_death":14012,"minecraft:total_world_time":17387,"minecraft:interact_with_crafting_table":8,"minecraft:fall_one_cm":1579,"minecraft:fly_one_cm":15522},"minecraft:picked_up":{"minecraft:crafting_table":1,"minecraft:oak_log":9,"minecraft:light_gray_wool":1,"minecraft:mutton":1,"minecraft:dirt":9,"minecraft:cobblestone":12},"minecraft:killed":{"minecraft:sheep":1},"minecraft:crafted":{"minecraft:stone_sword":1,"minecraft:oak_planks":28,"minecraft:crafting_table":4,"minecraft:stick":8,"minecraft:wooden_pickaxe":1},"minecraft:used":{"minecraft:light_gray_wool":1,"minecraft:dirt":6,"minecraft:mutton":1,"minecraft:crafting_table":3,"minecraft:oak_planks":3,"minecraft:wooden_pickaxe":25},"minecraft:mined":{"minecraft:grass":8,"minecraft:grass_block":5,"minecraft:oak_log":10,"minecraft:dirt":4,"minecraft:stone":12,"minecraft:crafting_table":1,"minecraft:oak_leaves":4},"minecraft:killed_by":{"minecraft:skeleton":1}},"DataVersion":3465}