{"stats":{"minecraft:custom":{"minecraft:time_since_rest":2735,"minecraft:sprint_one_cm":39940,"minecraft:damage_taken":279,"minecraft:walk_one_cm":25306,"minecraft:mob_kills":7,"minecraft:damage_dealt":734,"minecraft:swim_one_cm":5322,"minecraft:interact_with_crafting_table":5,"minecraft:fly_one_cm":23574,"minecraft:crouch_one_cm":9,"minecraft:play_time":13497,"minecraft:sneak_time":9,"minecraft:walk_under_water_one_cm":260,"minecraft:jump":153,"minecraft:walk_on_water_one_cm":2564,"minecraft:time_since_death":13497,"minecraft:sleep_in_bed":2,"minecraft:total_world_time":13497,"minecraft:fall_one_cm":4653},"minecraft:picked_up":{"minecraft:wooden_axe":1,"minecraft:crafting_table":3,"minecraft:leather":4,"minecraft:dandelion":1,"minecraft:oak_log":5,"minecraft:dirt":34,"minecraft:orange_bed":1,"minecraft:bone":2,"minecraft:wheat_seeds":2,"minecraft:beef":3,"minecraft:stone_pickaxe":1,"minecraft:poppy":1,"minecraft:oak_sapling":1,"minecraft:mutton":6,"minecraft:oak_planks":22,"minecraft:white_wool":3,"minecraft:cobblestone":5},"minecraft:killed":{"minecraft:skeleton":1,"minecraft:sheep":3,"minecraft:cow":3},"minecraft:crafted":{"minecraft:red_dye":1,"minecraft:oak_planks":20,"minecraft:yellow_dye":1,"minecraft:leather_boots":1,"minecraft:crafting_table":1,"minecraft:stick":12,"minecraft:wooden_pickaxe":1,"minecraft:wooden_axe":2,"minecraft:white_bed":1,"minecraft:orange_bed":1,"minecraft:stone_axe":1,"minecraft:orange_dye":2},"minecraft:used":{"minecraft:wooden_axe":34,"minecraft:wooden_pickaxe":5,"minecraft:leather_boots":1,"minecraft:orange_bed":2,"minecraft:dirt":8,"minecraft:mutton":4,"minecraft:beef":3,"minecraft:crafting_table":3},"minecraft:mined":{"minecraft:dandelion":1,"minecraft:crafting_table":2,"minecraft:grass":7,"minecraft:grass_block":5,"minecraft:oak_log":5,"minecraft:poppy":1,"minecraft:dirt":12,"minecraft:stone":5,"minecraft:oak_leaves":2,"minecraft:orange_bed":1}},"DataVersion":3465}