{"stats":{"minecraft:broken":{"minecraft:stone_axe":1,"minecraft:wooden_pickaxe":1},"minecraft:custom":{"minecraft:interact_with_furnace":3,"minecraft:mob_kills":22,"minecraft:interact_with_crafting_table":20,"minecraft:time_since_death":13331,"minecraft:sleep_in_bed":5,"minecraft:climb_one_cm":4096,"minecraft:time_since_rest":12673,"minecraft:sprint_one_cm":129421,"minecraft:damage_taken":969,"minecraft:walk_one_cm":132189,"minecraft:drop":3,"minecraft:damage_dealt":2291,"minecraft:swim_one_cm":45239,"minecraft:fly_one_cm":62598,"minecraft:open_chest":2,"minecraft:crouch_one_cm":307,"minecraft:play_time":67208,"minecraft:deaths":2,"minecraft:sneak_time":480,"minecraft:walk_under_water_one_cm":10595,"minecraft:boat_one_cm":125415,"minecraft:jump":679,"minecraft:walk_on_water_one_cm":11930,"minecraft:total_world_time":67208,"minecraft:fall_one_cm":17294},"minecraft:crafted":{"minecraft:red_dye":1,"minecraft:oak_door":3,"minecraft:oak_planks":199,"minecraft:leather_boots":1,"minecraft:crafting_table":1,"minecraft:wooden_pickaxe":1,"minecraft:furnace":1,"minecraft:stone_axe":1,"minecraft:orange_dye":2,"minecraft:oak_trapdoor":2,"minecraft:oak_boat":2,"minecraft:yellow_dye":1,"minecraft:shield":1,"minecraft:ladder":12,"minecraft:stick":40,"minecraft:iron_ingot":1,"minecraft:stone_pickaxe":1,"minecraft:wooden_axe":2,"minecraft:white_bed":1,"minecraft:orange_bed":1,"minecraft:torch":8},"minecraft:mined":{"minecraft:oak_door":1,"minecraft:dandelion":1,"minecraft:crafting_table":8,"minecraft:granite":8,"minecraft:grass_block":5,"minecraft:poppy":1,"minecraft:tall_grass":1,"minecraft:copper_ore":4,"minecraft:oak_planks":9,"minecraft:diorite":2,"minecraft:wall_torch":1,"minecraft:iron_ore":5,"minecraft:andesite":5,"minecraft:pumpkin":1,"minecraft:grass":28,"minecraft:oak_log":54,"minecraft:coal_ore":11,"minecraft:dirt":27,"minecraft:stone":125,"minecraft:deepslate":2,"minecraft:oak_leaves":44,"minecraft:orange_bed":2},"minecraft:killed":{"minecraft:pig":3,"minecraft:zombie_villager":1,"minecraft:sheep":7,"minecraft:skeleton":2,"minecraft:zombie":2,"minecraft:chicken":1,"minecraft:cow":5},"minecraft:killed_by":{"minecraft:zombie":1},"minecraft:used":{"minecraft:oak_trapdoor":1,"minecraft:stone_pickaxe":105,"minecraft:oak_planks":137,"minecraft:ladder":10,"minecraft:wooden_pickaxe":59,"minecraft:leather_boots":1,"minecraft:rotten_flesh":4,"minecraft:oak_door":3,"minecraft:orange_bed":3,"minecraft:torch":9,"minecraft:dirt":16,"minecraft:mutton":12,"minecraft:crafting_table":11,"minecraft:oak_log":2,"minecraft:wooden_axe":76,"minecraft:chicken":1,"minecraft:stone_axe":103,"minecraft:beef":9,"minecraft:furnace":1,"minecraft:porkchop":2,"minecraft:oak_boat":1,"minecraft:pumpkin":1},"minecraft:dropped":{"minecraft:oak_planks":12},"minecraft:picked_up":{"minecraft:wooden_axe":1,"minecraft:crafting_table":10,"minecraft:feather":1,"minecraft:chicken":1,"minecraft:andesite":5,"minecraft:leather":5,"minecraft:oak_log":54,"minecraft:dirt":49,"minecraft:raw_copper":15,"minecraft:bone":5,"minecraft:wheat_seeds":2,"minecraft:cobbled_deepslate":2,"minecraft:beef":9,"minecraft:stone_pickaxe":1,"minecraft:poppy":1,"minecraft:oak_planks":42,"minecraft:egg":2,"minecraft:raw_iron":5,"minecraft:oak_door":1,"minecraft:pumpkin":1,"minecraft:torch":3,"minecraft:dandelion":1,"minecraft:porkchop":5,"minecraft:diorite":2,"minecraft:orange_bed":2,"minecraft:arrow":7,"minecraft:rotten_flesh":4,"minecraft:granite":8,"minecraft:oak_sapling":3,"minecraft:mutton":12,"minecraft:coal":11,"minecraft:white_wool":7,"minecraft:cobblestone":125}},"DataVersion":3465}