{"stats":{"minecraft:dropped":{"minecraft:oak_planks":8},"minecraft:custom":{"minecraft:time_since_rest":2349,"minecraft:sprint_one_cm":83628,"minecraft:damage_taken":534,"minecraft:walk_one_cm":78202,"minecraft:mob_kills":13,"minecraft:drop":2,"minecraft:damage_dealt":1513,"minecraft:swim_one_cm":5322,"minecraft:interact_with_crafting_table":12,"minecraft:fly_one_cm":41775,"minecraft:crouch_one_cm":214,"minecraft:play_time":37497,"minecraft:sneak_time":267,"minecraft:walk_under_water_one_cm":427,"minecraft:jump":422,"minecraft:walk_on_water_one_cm":3125,"minecraft:time_since_death":37497,"minecraft:sleep_in_bed":4,"minecraft:climb_one_cm":4096,"minecraft:total_world_time":37497,"minecraft:fall_one_cm":10029},"minecraft:picked_up":{"minecraft:wooden_axe":1,"minecraft:crafting_table":6,"minecraft:oak_door":1,"minecraft:leather":5,"minecraft:torch":2,"minecraft:dandelion":1,"minecraft:oak_log":42,"minecraft:dirt":38,"minecraft:orange_bed":1,"minecraft:arrow":7,"minecraft:bone":5,"minecraft:rotten_flesh":4,"minecraft:wheat_seeds":2,"minecraft:granite":3,"minecraft:beef":9,"minecraft:stone_pickaxe":1,"minecraft:poppy":1,"minecraft:oak_sapling":3,"minecraft:coal":11,"minecraft:mutton":6,"minecraft:oak_planks":37,"minecraft:white_wool":3,"minecraft:cobblestone":7},"minecraft:killed":{"minecraft:skeleton":2,"minecraft:sheep":3,"minecraft:zombie":1,"minecraft:zombie_villager":1,"minecraft:cow":5},"minecraft:crafted":{"minecraft:red_dye":1,"minecraft:oak_door":3,"minecraft:oak_planks":154,"minecraft:yellow_dye":1,"minecraft:leather_boots":1,"minecraft:crafting_table":1,"minecraft:ladder":12,"minecraft:stick":40,"minecraft:wooden_pickaxe":1,"minecraft:wooden_axe":2,"minecraft:white_bed":1,"minecraft:orange_bed":1,"minecraft:stone_axe":1,"minecraft:orange_dye":2,"minecraft:oak_trapdoor":2},"minecraft:used":{"minecraft:oak_trapdoor":1,"minecraft:oak_log":2,"minecraft:wooden_axe":34,"minecraft:oak_planks":114,"minecraft:ladder":10,"minecraft:wooden_pickaxe":21,"minecraft:oak_door":3,"minecraft:leather_boots":1,"minecraft:rotten_flesh":4,"minecraft:stone_axe":94,"minecraft:orange_bed":2,"minecraft:dirt":13,"minecraft:mutton":6,"minecraft:beef":9,"minecraft:crafting_table":5},"minecraft:mined":{"minecraft:oak_door":1,"minecraft:dandelion":1,"minecraft:crafting_table":4,"minecraft:granite":3,"minecraft:grass":14,"minecraft:coal_ore":11,"minecraft:grass_block":5,"minecraft:oak_log":42,"minecraft:poppy":1,"minecraft:dirt":16,"minecraft:wall_torch":1,"minecraft:stone":7,"minecraft:oak_planks":8,"minecraft:oak_leaves":43,"minecraft:orange_bed":1}},"DataVersion":3465}