{"stats":{"minecraft:custom":{"minecraft:time_since_rest":14735,"minecraft:sprint_one_cm":58324,"minecraft:damage_taken":404,"minecraft:walk_one_cm":49572,"minecraft:mob_kills":12,"minecraft:damage_dealt":1293,"minecraft:swim_one_cm":5322,"minecraft:interact_with_crafting_table":10,"minecraft:fly_one_cm":33089,"minecraft:crouch_one_cm":84,"minecraft:play_time":25497,"minecraft:sneak_time":147,"minecraft:walk_under_water_one_cm":427,"minecraft:jump":302,"minecraft:walk_on_water_one_cm":3083,"minecraft:time_since_death":25497,"minecraft:sleep_in_bed":2,"minecraft:climb_one_cm":1934,"minecraft:total_world_time":25497,"minecraft:fall_one_cm":7438},"minecraft:picked_up":{"minecraft:wooden_axe":1,"minecraft:crafting_table":4,"minecraft:leather":5,"minecraft:dandelion":1,"minecraft:oak_log":23,"minecraft:dirt":38,"minecraft:orange_bed":1,"minecraft:arrow":6,"minecraft:bone":5,"minecraft:rotten_flesh":4,"minecraft:wheat_seeds":2,"minecraft:granite":3,"minecraft:beef":9,"minecraft:stone_pickaxe":1,"minecraft:poppy":1,"minecraft:oak_sapling":1,"minecraft:coal":11,"minecraft:mutton":6,"minecraft:oak_planks":22,"minecraft:white_wool":3,"minecraft:cobblestone":7},"minecraft:killed":{"minecraft:skeleton":2,"minecraft:sheep":3,"minecraft:zombie_villager":1,"minecraft:cow":5},"minecraft:crafted":{"minecraft:red_dye":1,"minecraft:oak_planks":20,"minecraft:yellow_dye":1,"minecraft:leather_boots":1,"minecraft:crafting_table":1,"minecraft:ladder":12,"minecraft:stick":40,"minecraft:wooden_pickaxe":1,"minecraft:wooden_axe":2,"minecraft:white_bed":1,"minecraft:orange_bed":1,"minecraft:stone_axe":1,"minecraft:orange_dye":2},"minecraft:used":{"minecraft:wooden_axe":34,"minecraft:oak_planks":6,"minecraft:ladder":10,"minecraft:wooden_pickaxe":21,"minecraft:leather_boots":1,"minecraft:rotten_flesh":4,"minecraft:stone_axe":39,"minecraft:orange_bed":2,"minecraft:dirt":13,"minecraft:mutton":6,"minecraft:beef":5,"minecraft:crafting_table":4},"minecraft:mined":{"minecraft:dandelion":1,"minecraft:crafting_table":3,"minecraft:granite":3,"minecraft:grass":7,"minecraft:coal_ore":11,"minecraft:grass_block":5,"minecraft:oak_log":24,"minecraft:poppy":1,"minecraft:dirt":16,"minecraft:stone":7,"minecraft:oak_leaves":18,"minecraft:orange_bed":1}},"DataVersion":3465}