{"stats":{"minecraft:dropped":{"minecraft:oak_planks":12},"minecraft:custom":{"minecraft:mob_kills":22,"minecraft:interact_with_crafting_table":14,"minecraft:time_since_death":10321,"minecraft:sleep_in_bed":4,"minecraft:climb_one_cm":4096,"minecraft:time_since_rest":10358,"minecraft:sprint_one_cm":122602,"minecraft:damage_taken":799,"minecraft:walk_one_cm":112156,"minecraft:drop":3,"minecraft:damage_dealt":2291,"minecraft:swim_one_cm":17035,"minecraft:fly_one_cm":60807,"minecraft:crouch_one_cm":307,"minecraft:play_time":49497,"minecraft:deaths":1,"minecraft:sneak_time":402,"minecraft:walk_under_water_one_cm":3254,"minecraft:boat_one_cm":39555,"minecraft:jump":643,"minecraft:walk_on_water_one_cm":6036,"minecraft:total_world_time":49497,"minecraft:fall_one_cm":16003},"minecraft:picked_up":{"minecraft:wooden_axe":1,"minecraft:crafting_table":8,"minecraft:feather":1,"minecraft:chicken":1,"minecraft:leather":5,"minecraft:oak_log":54,"minecraft:dirt":38,"minecraft:bone":5,"minecraft:wheat_seeds":2,"minecraft:beef":9,"minecraft:stone_pickaxe":1,"minecraft:poppy":1,"minecraft:oak_planks":42,"minecraft:egg":2,"minecraft:oak_door":1,"minecraft:pumpkin":1,"minecraft:torch":3,"minecraft:dandelion":1,"minecraft:porkchop":5,"minecraft:orange_bed":2,"minecraft:arrow":7,"minecraft:rotten_flesh":4,"minecraft:granite":3,"minecraft:oak_sapling":3,"minecraft:mutton":12,"minecraft:coal":11,"minecraft:white_wool":7,"minecraft:cobblestone":7},"minecraft:killed":{"minecraft:pig":3,"minecraft:zombie_villager":1,"minecraft:sheep":7,"minecraft:skeleton":2,"minecraft:zombie":2,"minecraft:chicken":1,"minecraft:cow":5},"minecraft:crafted":{"minecraft:red_dye":1,"minecraft:oak_door":3,"minecraft:oak_planks":199,"minecraft:leather_boots":1,"minecraft:crafting_table":1,"minecraft:wooden_pickaxe":1,"minecraft:stone_axe":1,"minecraft:orange_dye":2,"minecraft:oak_trapdoor":2,"minecraft:oak_boat":1,"minecraft:yellow_dye":1,"minecraft:ladder":12,"minecraft:stick":40,"minecraft:wooden_axe":2,"minecraft:white_bed":1,"minecraft:orange_bed":1},"minecraft:broken":{"minecraft:stone_axe":1},"minecraft:used":{"minecraft:oak_trapdoor":1,"minecraft:ladder":10,"minecraft:oak_planks":137,"minecraft:wooden_pickaxe":21,"minecraft:leather_boots":1,"minecraft:rotten_flesh":4,"minecraft:oak_door":3,"minecraft:orange_bed":3,"minecraft:dirt":13,"minecraft:mutton":12,"minecraft:crafting_table":7,"minecraft:oak_log":2,"minecraft:wooden_axe":74,"minecraft:chicken":1,"minecraft:stone_axe":103,"minecraft:beef":9,"minecraft:oak_boat":1,"minecraft:pumpkin":1},"minecraft:mined":{"minecraft:oak_door":1,"minecraft:dandelion":1,"minecraft:crafting_table":6,"minecraft:granite":3,"minecraft:grass_block":5,"minecraft:poppy":1,"minecraft:tall_grass":1,"minecraft:oak_planks":9,"minecraft:wall_torch":1,"minecraft:pumpkin":1,"minecraft:grass":28,"minecraft:oak_log":54,"minecraft:coal_ore":11,"minecraft:dirt":16,"minecraft:stone":7,"minecraft:oak_leaves":44,"minecraft:orange_bed":2},"minecraft:killed_by":{"minecraft:zombie":1}},"DataVersion":3465}