{"stats":{"minecraft:picked_up":{"minecraft:oak_log":4},"minecraft:custom":{"minecraft:jump":15,"minecraft:time_since_rest":1497,"minecraft:damage_dealt":10,"minecraft:walk_on_water_one_cm":2423,"minecraft:sprint_one_cm":1427,"minecraft:play_time":1497,"minecraft:damage_taken":44,"minecraft:time_since_death":1497,"minecraft:walk_one_cm":696,"minecraft:total_world_time":1497,"minecraft:walk_under_water_one_cm":61,"minecraft:swim_one_cm":5322,"minecraft:fly_one_cm":844},"minecraft:mined":{"minecraft:oak_log":4,"minecraft:oak_leaves":2}},"DataVersion":3465}