{"stats":{"minecraft:crafted":{"minecraft:diamond_sword":1,"minecraft:diamond_axe":1,"minecraft:crafting_table":1,"minecraft:wooden_pickaxe":1,"minecraft:iron_helmet":1,"minecraft:furnace":1,"minecraft:birch_planks":20,"minecraft:diamond_helmet":1,"minecraft:diamond_leggings":1,"minecraft:iron_boots":1,"minecraft:diamond_pickaxe":1,"minecraft:shield":1,"minecraft:iron_axe":1,"minecraft:stick":24,"minecraft:stone_pickaxe":2,"minecraft:iron_ingot":27,"minecraft:iron_pickaxe":2,"minecraft:wooden_axe":1,"minecraft:diamond_boots":1,"minecraft:acacia_planks":24,"minecraft:torch":16,"minecraft:diamond_chestplate":1},"minecraft:picked_up":{"minecraft:birch_log":5,"minecraft:crafting_table":5,"minecraft:andesite":63,"minecraft:flint":2,"minecraft:tuff":37,"minecraft:lapis_lazuli":17,"minecraft:dirt":28,"minecraft:raw_copper":5,"minecraft:bone":2,"minecraft:cobbled_deepslate":232,"minecraft:raw_gold":3,"minecraft:iron_ingot":6,"minecraft:stone_pickaxe":1,"minecraft:furnace":2,"minecraft:stick":1,"minecraft:raw_iron":28,"minecraft:torch":1,"minecraft:acacia_log":6,"minecraft:gravel":15,"minecraft:diorite":59,"minecraft:mossy_cobblestone":2,"minecraft:arrow":1,"minecraft:diamond":43,"minecraft:granite":10,"minecraft:coal":13,"minecraft:cobblestone":353},"minecraft:dropped":{"minecraft:iron_ingot":6,"minecraft:furnace":1,"minecraft:cobbled_deepslate":52,"minecraft:raw_copper":5,"minecraft:diamond":2,"minecraft:dirt":24,"minecraft:stone_pickaxe":1,"minecraft:iron_pickaxe":1},"minecraft:used":{"minecraft:stone_pickaxe":262,"minecraft:wooden_pickaxe":59,"minecraft:shield":1,"minecraft:diamond_axe":2,"minecraft:torch":3,"minecraft:dirt":4,"minecraft:crafting_table":5,"minecraft:wooden_axe":5,"minecraft:iron_axe":15,"minecraft:iron_pickaxe":444,"minecraft:gravel":15,"minecraft:cobblestone":115,"minecraft:furnace":1},"minecraft:custom":{"minecraft:interact_with_furnace":20,"minecraft:mob_kills":1,"minecraft:interact_with_crafting_table":19,"minecraft:leave_game":2,"minecraft:time_since_death":479,"minecraft:time_since_rest":519,"minecraft:sprint_one_cm":9378,"minecraft:damage_taken":1161,"minecraft:walk_one_cm":67485,"minecraft:damage_blocked_by_shield":135,"minecraft:drop":8,"minecraft:damage_dealt":199,"minecraft:swim_one_cm":1146,"minecraft:fly_one_cm":8976,"minecraft:open_chest":2,"minecraft:crouch_one_cm":281,"minecraft:play_time":59118,"minecraft:deaths":3,"minecraft:sneak_time":287,"minecraft:walk_under_water_one_cm":7713,"minecraft:jump":442,"minecraft:walk_on_water_one_cm":1814,"minecraft:total_world_time":59118,"minecraft:fall_one_cm":12974},"minecraft:mined":{"minecraft:diamond_ore":3,"minecraft:tuff":35,"minecraft:acacia_leaves":1,"minecraft:mossy_cobblestone":2,"minecraft:deepslate_diamond_ore":40,"minecraft:crafting_table":5,"minecraft:torch":1,"minecraft:granite":10,"minecraft:acacia_log":6,"minecraft:grass_block":4,"minecraft:copper_ore":1,"minecraft:cobblestone":5,"minecraft:lapis_ore":4,"minecraft:diorite":52,"minecraft:furnace":1,"minecraft:birch_log":5,"minecraft:iron_ore":25,"minecraft:andesite":58,"minecraft:birch_leaves":3,"minecraft:grass":2,"minecraft:coal_ore":13,"minecraft:gravel":17,"minecraft:dirt":23,"minecraft:stone":324,"minecraft:gold_ore":3,"minecraft:deepslate":163},"minecraft:killed":{"minecraft:skeleton":1},"minecraft:broken":{"minecraft:stone_pickaxe":2,"minecraft:wooden_pickaxe":1}},"DataVersion":3465}