{"stats":{"minecraft:crafted":{"minecraft:iron_boots":1,"minecraft:shield":1,"minecraft:iron_axe":1,"minecraft:crafting_table":1,"minecraft:stick":16,"minecraft:iron_helmet":1,"minecraft:iron_pickaxe":1,"minecraft:iron_ingot":17,"minecraft:wooden_pickaxe":1,"minecraft:stone_pickaxe":2,"minecraft:wooden_axe":1,"minecraft:furnace":1,"minecraft:acacia_planks":24,"minecraft:torch":16},"minecraft:picked_up":{"minecraft:crafting_table":4,"minecraft:raw_iron":17,"minecraft:andesite":25,"minecraft:acacia_log":6,"minecraft:gravel":15,"minecraft:flint":2,"minecraft:diorite":30,"minecraft:lapis_lazuli":17,"minecraft:dirt":24,"minecraft:raw_copper":5,"minecraft:diamond":3,"minecraft:raw_gold":3,"minecraft:granite":1,"minecraft:stone_pickaxe":1,"minecraft:coal":9,"minecraft:cobblestone":212,"minecraft:furnace":1},"minecraft:dropped":{"minecraft:stone_pickaxe":1},"minecraft:used":{"minecraft:wooden_axe":5,"minecraft:stone_pickaxe":262,"minecraft:iron_pickaxe":9,"minecraft:wooden_pickaxe":50,"minecraft:torch":1,"minecraft:dirt":3,"minecraft:crafting_table":5,"minecraft:furnace":1},"minecraft:custom":{"minecraft:time_since_rest":24070,"minecraft:interact_with_furnace":9,"minecraft:damage_taken":118,"minecraft:walk_one_cm":24506,"minecraft:drop":1,"minecraft:interact_with_crafting_table":11,"minecraft:fly_one_cm":213,"minecraft:play_time":24070,"minecraft:jump":87,"minecraft:leave_game":1,"minecraft:time_since_death":24070,"minecraft:total_world_time":24070,"minecraft:fall_one_cm":3051},"minecraft:mined":{"minecraft:diamond_ore":2,"minecraft:acacia_leaves":1,"minecraft:furnace":1,"minecraft:deepslate_diamond_ore":1,"minecraft:iron_ore":17,"minecraft:andesite":25,"minecraft:crafting_table":4,"minecraft:granite":1,"minecraft:grass":1,"minecraft:acacia_log":6,"minecraft:coal_ore":9,"minecraft:grass_block":4,"minecraft:gravel":17,"minecraft:dirt":20,"minecraft:copper_ore":1,"minecraft:lapis_ore":4,"minecraft:stone":206,"minecraft:gold_ore":3,"minecraft:diorite":30},"minecraft:broken":{"minecraft:stone_pickaxe":2}},"DataVersion":3465}