{"stats":{"minecraft:crafted":{"minecraft:crafting_table":1,"minecraft:stick":12,"minecraft:iron_ingot":2,"minecraft:wooden_pickaxe":1,"minecraft:stone_pickaxe":2,"minecraft:wooden_axe":1,"minecraft:furnace":1,"minecraft:acacia_planks":24,"minecraft:torch":16},"minecraft:picked_up":{"minecraft:crafting_table":3,"minecraft:raw_iron":17,"minecraft:acacia_log":6,"minecraft:gravel":13,"minecraft:flint":1,"minecraft:diorite":3,"minecraft:lapis_lazuli":17,"minecraft:dirt":24,"minecraft:coal":9,"minecraft:cobblestone":90},"minecraft:used":{"minecraft:wooden_axe":4,"minecraft:stone_pickaxe":133,"minecraft:wooden_pickaxe":8,"minecraft:torch":1,"minecraft:dirt":3,"minecraft:crafting_table":4,"minecraft:furnace":1},"minecraft:custom":{"minecraft:time_since_rest":12070,"minecraft:interact_with_furnace":4,"minecraft:damage_taken":50,"minecraft:walk_one_cm":17069,"minecraft:interact_with_crafting_table":5,"minecraft:fly_one_cm":158,"minecraft:play_time":12070,"minecraft:jump":73,"minecraft:leave_game":1,"minecraft:time_since_death":12070,"minecraft:total_world_time":12070,"minecraft:fall_one_cm":2573},"minecraft:mined":{"minecraft:acacia_leaves":1,"minecraft:iron_ore":17,"minecraft:crafting_table":3,"minecraft:grass":1,"minecraft:acacia_log":6,"minecraft:coal_ore":9,"minecraft:grass_block":4,"minecraft:gravel":14,"minecraft:dirt":20,"minecraft:lapis_ore":4,"minecraft:stone":90,"minecraft:diorite":3},"minecraft:broken":{"minecraft:stone_pickaxe":1}},"DataVersion":3465}