{"stats":{"minecraft:crafted":{"minecraft:diamond_axe":1,"minecraft:crafting_table":1,"minecraft:wooden_pickaxe":1,"minecraft:iron_helmet":1,"minecraft:furnace":1,"minecraft:birch_planks":20,"minecraft:iron_boots":1,"minecraft:diamond_pickaxe":1,"minecraft:shield":1,"minecraft:iron_axe":1,"minecraft:stick":24,"minecraft:stone_pickaxe":2,"minecraft:iron_ingot":25,"minecraft:iron_pickaxe":2,"minecraft:wooden_axe":1,"minecraft:acacia_planks":24,"minecraft:torch":16},"minecraft:picked_up":{"minecraft:birch_log":5,"minecraft:crafting_table":4,"minecraft:andesite":57,"minecraft:flint":2,"minecraft:lapis_lazuli":17,"minecraft:dirt":28,"minecraft:raw_copper":5,"minecraft:bone":2,"minecraft:cobbled_deepslate":18,"minecraft:raw_gold":3,"minecraft:stone_pickaxe":1,"minecraft:furnace":1,"minecraft:raw_iron":28,"minecraft:acacia_log":6,"minecraft:gravel":15,"minecraft:diorite":52,"minecraft:mossy_cobblestone":2,"minecraft:arrow":1,"minecraft:diamond":6,"minecraft:granite":10,"minecraft:coal":13,"minecraft:cobblestone":335},"minecraft:dropped":{"minecraft:stone_pickaxe":1},"minecraft:used":{"minecraft:stone_pickaxe":262,"minecraft:wooden_pickaxe":59,"minecraft:shield":1,"minecraft:torch":1,"minecraft:dirt":3,"minecraft:crafting_table":5,"minecraft:wooden_axe":5,"minecraft:iron_axe":15,"minecraft:iron_pickaxe":225,"minecraft:gravel":15,"minecraft:cobblestone":100,"minecraft:furnace":1},"minecraft:custom":{"minecraft:interact_with_furnace":18,"minecraft:mob_kills":1,"minecraft:interact_with_crafting_table":16,"minecraft:leave_game":1,"minecraft:time_since_death":0,"minecraft:time_since_rest":32,"minecraft:sprint_one_cm":767,"minecraft:damage_taken":649,"minecraft:walk_one_cm":41517,"minecraft:damage_blocked_by_shield":135,"minecraft:drop":1,"minecraft:damage_dealt":199,"minecraft:fly_one_cm":1418,"minecraft:open_chest":2,"minecraft:play_time":42070,"minecraft:deaths":1,"minecraft:sneak_time":28,"minecraft:jump":301,"minecraft:total_world_time":42070,"minecraft:fall_one_cm":8910},"minecraft:mined":{"minecraft:diamond_ore":3,"minecraft:acacia_leaves":1,"minecraft:mossy_cobblestone":2,"minecraft:deepslate_diamond_ore":3,"minecraft:crafting_table":4,"minecraft:granite":10,"minecraft:acacia_log":6,"minecraft:grass_block":4,"minecraft:copper_ore":1,"minecraft:cobblestone":5,"minecraft:lapis_ore":4,"minecraft:diorite":52,"minecraft:furnace":1,"minecraft:birch_log":5,"minecraft:iron_ore":25,"minecraft:andesite":56,"minecraft:birch_leaves":3,"minecraft:grass":1,"minecraft:coal_ore":13,"minecraft:gravel":17,"minecraft:dirt":23,"minecraft:stone":324,"minecraft:gold_ore":3,"minecraft:deepslate":18},"minecraft:killed":{"minecraft:skeleton":1},"minecraft:broken":{"minecraft:stone_pickaxe":2,"minecraft:wooden_pickaxe":1}},"DataVersion":3465}