{"stats":{"minecraft:dropped":{"minecraft:oak_planks":12,"minecraft:white_bed":1},"minecraft:picked_up":{"minecraft:crafting_table":1,"minecraft:raw_iron":10,"minecraft:torch":2,"minecraft:porkchop":7,"minecraft:oak_log":3,"minecraft:white_bed":1,"minecraft:mutton":2,"minecraft:oak_planks":22,"minecraft:coal":5,"minecraft:white_wool":1,"minecraft:cobblestone":4,"minecraft:egg":2},"minecraft:custom":{"minecraft:time_since_rest":5634,"minecraft:sprint_one_cm":56875,"minecraft:damage_taken":506,"minecraft:walk_one_cm":35643,"minecraft:mob_kills":1,"minecraft:drop":2,"minecraft:damage_dealt":180,"minecraft:swim_one_cm":7184,"minecraft:interact_with_crafting_table":1,"minecraft:fly_one_cm":137812,"minecraft:player_kills":1,"minecraft:crouch_one_cm":1766,"minecraft:play_time":27236,"minecraft:deaths":2,"minecraft:sneak_time":550,"minecraft:walk_under_water_one_cm":436,"minecraft:jump":621,"minecraft:leave_game":1,"minecraft:time_since_death":1698,"minecraft:walk_on_water_one_cm":9581,"minecraft:total_world_time":27236,"minecraft:climb_one_cm":1784,"minecraft:fall_one_cm":12794},"minecraft:killed":{"minecraft:sheep":1},"minecraft:crafted":{"minecraft:oak_planks":12,"minecraft:stick":8,"minecraft:wooden_pickaxe":1,"minecraft:wooden_axe":1},"minecraft:used":{"minecraft:wooden_axe":4,"minecraft:wooden_pickaxe":7,"minecraft:mutton":2,"minecraft:egg":2},"minecraft:mined":{"minecraft:crafting_table":1,"minecraft:grass":3,"minecraft:grass_block":2,"minecraft:oak_log":3,"minecraft:stone":5,"minecraft:wall_torch":1},"minecraft:killed_by":{"minecraft:player":1,"minecraft:zombie":1}},"DataVersion":3465}