{"stats":{"minecraft:dropped":{"minecraft:oak_planks":12,"minecraft:white_bed":1},"minecraft:custom":{"minecraft:deaths":1,"minecraft:time_since_rest":8844,"minecraft:crouch_one_cm":1766,"minecraft:play_time":17674,"minecraft:sprint_one_cm":49578,"minecraft:damage_taken":336,"minecraft:walk_one_cm":21594,"minecraft:sneak_time":550,"minecraft:walk_under_water_one_cm":188,"minecraft:mob_kills":1,"minecraft:drop":2,"minecraft:jump":448,"minecraft:damage_dealt":180,"minecraft:walk_on_water_one_cm":2579,"minecraft:time_since_death":8812,"minecraft:climb_one_cm":1784,"minecraft:total_world_time":17674,"minecraft:interact_with_crafting_table":1,"minecraft:swim_one_cm":2911,"minecraft:player_kills":1,"minecraft:fall_one_cm":8574,"minecraft:fly_one_cm":110293},"minecraft:picked_up":{"minecraft:raw_iron":10,"minecraft:crafting_table":1,"minecraft:torch":2,"minecraft:porkchop":7,"minecraft:oak_log":3,"minecraft:coal":5,"minecraft:white_bed":1,"minecraft:mutton":2,"minecraft:oak_planks":22,"minecraft:white_wool":1,"minecraft:egg":2},"minecraft:killed":{"minecraft:sheep":1},"minecraft:crafted":{"minecraft:oak_planks":12,"minecraft:stick":8,"minecraft:wooden_pickaxe":1,"minecraft:wooden_axe":1},"minecraft:used":{"minecraft:wooden_axe":4,"minecraft:mutton":2,"minecraft:egg":2},"minecraft:mined":{"minecraft:grass":2,"minecraft:oak_log":3,"minecraft:wall_torch":1,"minecraft:crafting_table":1},"minecraft:killed_by":{"minecraft:player":1}},"DataVersion":3465}