{"stats":{"minecraft:dropped":{"minecraft:oak_planks":12},"minecraft:picked_up":{"minecraft:oak_log":3,"minecraft:mutton":2,"minecraft:oak_planks":12,"minecraft:white_wool":1,"minecraft:egg":2},"minecraft:custom":{"minecraft:time_since_rest":5674,"minecraft:play_time":5674,"minecraft:sprint_one_cm":28089,"minecraft:damage_taken":173,"minecraft:walk_one_cm":5489,"minecraft:walk_under_water_one_cm":47,"minecraft:mob_kills":1,"minecraft:drop":1,"minecraft:jump":251,"minecraft:damage_dealt":141,"minecraft:walk_on_water_one_cm":2459,"minecraft:time_since_death":5674,"minecraft:total_world_time":5674,"minecraft:interact_with_crafting_table":1,"minecraft:swim_one_cm":1631,"minecraft:player_kills":1,"minecraft:fall_one_cm":6484,"minecraft:fly_one_cm":62358},"minecraft:killed":{"minecraft:sheep":1},"minecraft:crafted":{"minecraft:oak_planks":12,"minecraft:stick":8},"minecraft:used":{"minecraft:mutton":2,"minecraft:egg":2},"minecraft:mined":{"minecraft:grass":1,"minecraft:oak_log":3}},"DataVersion":3465}