{"stats":{"minecraft:crafted":{"minecraft:diamond_sword":1,"minecraft:cooked_porkchop":4,"minecraft:crafting_table":5,"minecraft:wooden_pickaxe":1,"minecraft:iron_sword":1,"minecraft:furnace":3,"minecraft:stone_axe":1,"minecraft:air":0,"minecraft:diamond_helmet":1,"minecraft:diamond_leggings":1,"minecraft:shield":1,"minecraft:stick":20,"minecraft:iron_ingot":6,"minecraft:iron_pickaxe":1,"minecraft:stone_pickaxe":1,"minecraft:wooden_axe":1,"minecraft:stone_sword":1,"minecraft:diamond_boots":1,"minecraft:acacia_planks":100,"minecraft:torch":4,"minecraft:diamond_chestplate":1},"minecraft:picked_up":{"minecraft:crafting_table":1,"minecraft:wheat":12,"minecraft:chicken":1,"minecraft:feather":1,"minecraft:andesite":2,"minecraft:leather":2,"minecraft:potato":16,"minecraft:birch_planks":1,"minecraft:tuff":3,"minecraft:dirt":29,"minecraft:raw_copper":5,"minecraft:acacia_planks":9,"minecraft:wheat_seeds":39,"minecraft:cobbled_deepslate":83,"minecraft:beef":4,"minecraft:iron_pickaxe":1,"minecraft:acacia_sapling":2,"minecraft:furnace":2,"minecraft:stick":5,"minecraft:raw_iron":30,"minecraft:torch":1,"minecraft:acacia_log":26,"minecraft:porkchop":4,"minecraft:carrot":30,"minecraft:white_bed":2,"minecraft:rotten_flesh":2,"minecraft:diamond":27,"minecraft:tropical_fish":1,"minecraft:stone_axe":1,"minecraft:hay_block":8,"minecraft:coal":26,"minecraft:cobblestone":113},"minecraft:dropped":{"minecraft:stone_axe":1,"minecraft:wheat_seeds":1,"minecraft:tropical_fish":1},"minecraft:custom":{"minecraft:interact_with_furnace":26,"minecraft:mob_kills":9,"minecraft:interact_with_crafting_table":26,"minecraft:leave_game":1,"minecraft:time_since_death":4805,"minecraft:sleep_in_bed":1,"minecraft:climb_one_cm":304,"minecraft:time_since_rest":4833,"minecraft:sprint_one_cm":157108,"minecraft:damage_taken":1941,"minecraft:walk_one_cm":88849,"minecraft:drop":3,"minecraft:damage_dealt":1398,"minecraft:damage_dealt_absorbed":9,"minecraft:swim_one_cm":44465,"minecraft:fly_one_cm":159121,"minecraft:player_kills":1,"minecraft:open_chest":12,"minecraft:crouch_one_cm":9494,"minecraft:play_time":53649,"minecraft:deaths":6,"minecraft:sneak_time":3412,"minecraft:walk_under_water_one_cm":5272,"minecraft:jump":1376,"minecraft:walk_on_water_one_cm":5014,"minecraft:total_world_time":53649,"minecraft:fall_one_cm":44193},"minecraft:used":{"minecraft:wheat_seeds":21,"minecraft:stone_sword":13,"minecraft:acacia_log":1,"minecraft:birch_planks":1,"minecraft:stone_pickaxe":108,"minecraft:wooden_pickaxe":38,"minecraft:rotten_flesh":1,"minecraft:torch":1,"minecraft:dirt":29,"minecraft:crafting_table":6,"minecraft:carrot":6,"minecraft:white_bed":1,"minecraft:tuff":3,"minecraft:iron_pickaxe":189,"minecraft:stone_axe":32,"minecraft:diamond_sword":54,"minecraft:cobblestone":88,"minecraft:furnace":5,"minecraft:cooked_porkchop":4,"minecraft:andesite":2,"minecraft:cobbled_deepslate":57,"minecraft:acacia_planks":37},"minecraft:mined":{"minecraft:tuff":5,"minecraft:acacia_leaves":3,"minecraft:white_bed":3,"minecraft:deepslate_diamond_ore":25,"minecraft:sculk_vein":1,"minecraft:crafting_table":1,"minecraft:torch":1,"minecraft:acacia_log":27,"minecraft:grass_block":1,"minecraft:cobblestone":11,"minecraft:sculk":5,"minecraft:diorite":7,"minecraft:hay_block":8,"minecraft:birch_planks":1,"minecraft:furnace":2,"minecraft:carrots":8,"minecraft:iron_ore":25,"minecraft:wheat":12,"minecraft:andesite":6,"minecraft:grass":7,"minecraft:sculk_shrieker":1,"minecraft:potatoes":4,"minecraft:coal_ore":19,"minecraft:dirt":5,"minecraft:acacia_planks":9,"minecraft:stone":119,"minecraft:oak_leaves":1,"minecraft:deepslate":100},"minecraft:killed":{"minecraft:pig":2,"minecraft:zombie":2,"minecraft:chicken":1,"minecraft:tropical_fish":1,"minecraft:villager":1,"minecraft:cow":2},"minecraft:killed_by":{"minecraft:player":3}},"DataVersion":3465}