{"stats":{"minecraft:picked_up":{"minecraft:crafting_table":4,"minecraft:wheat":12,"minecraft:chicken":4,"minecraft:feather":9,"minecraft:brown_wool":1,"minecraft:andesite":2,"minecraft:leather":4,"minecraft:potato":16,"minecraft:gold_block":2,"minecraft:birch_planks":1,"minecraft:tuff":3,"minecraft:dirt":33,"minecraft:raw_copper":5,"minecraft:bone":5,"minecraft:acacia_planks":9,"minecraft:wheat_seeds":40,"minecraft:cobbled_deepslate":83,"minecraft:iron_ingot":1,"minecraft:beef":4,"minecraft:iron_pickaxe":2,"minecraft:oak_planks":1,"minecraft:acacia_sapling":2,"minecraft:egg":1,"minecraft:furnace":7,"minecraft:stick":5,"minecraft:raw_iron":72,"minecraft:torch":5,"minecraft:acacia_log":26,"minecraft:porkchop":12,"minecraft:carrot":30,"minecraft:white_bed":2,"minecraft:rotten_flesh":2,"minecraft:diamond":27,"minecraft:tropical_fish":1,"minecraft:stone_axe":1,"minecraft:hay_block":8,"minecraft:mutton":15,"minecraft:coal":117,"minecraft:white_wool":10,"minecraft:cobblestone":135},"minecraft:crafted":{"minecraft:cooked_beef":4,"minecraft:diamond_sword":1,"minecraft:cooked_porkchop":12,"minecraft:crafting_table":6,"minecraft:wooden_pickaxe":1,"minecraft:cooked_chicken":4,"minecraft:iron_sword":1,"minecraft:furnace":6,"minecraft:stone_axe":1,"minecraft:bread":28,"minecraft:cooked_mutton":15,"minecraft:air":0,"minecraft:diamond_helmet":1,"minecraft:diamond_leggings":1,"minecraft:shield":1,"minecraft:iron_axe":1,"minecraft:stick":72,"minecraft:iron_ingot":16,"minecraft:iron_pickaxe":3,"minecraft:stone_pickaxe":1,"minecraft:wooden_axe":1,"minecraft:stone_sword":1,"minecraft:diamond_boots":1,"minecraft:acacia_planks":100,"minecraft:torch":4,"minecraft:wheat":72,"minecraft:diamond_chestplate":1},"minecraft:dropped":{"minecraft:iron_sword":1,"minecraft:stone_axe":2,"minecraft:wheat_seeds":1,"minecraft:iron_nugget":18,"minecraft:stone_sword":1,"minecraft:raw_copper":5,"minecraft:diamond":1,"minecraft:cobblestone":6,"minecraft:feather":9,"minecraft:rotten_flesh":1,"minecraft:oak_planks":1,"minecraft:leather":4,"minecraft:tropical_fish":1,"minecraft:coal":7,"minecraft:stick":1,"minecraft:gold_block":1,"minecraft:dirt":2,"minecraft:wooden_axe":1,"minecraft:brown_wool":1,"minecraft:acacia_sapling":2,"minecraft:fire_charge":3,"minecraft:wooden_pickaxe":1,"minecraft:stone_pickaxe":1,"minecraft:iron_pickaxe":2,"minecraft:bone":5},"minecraft:custom":{"minecraft:interact_with_furnace":54,"minecraft:mob_kills":30,"minecraft:interact_with_crafting_table":39,"minecraft:leave_game":1,"minecraft:time_since_death":28805,"minecraft:sleep_in_bed":1,"minecraft:climb_one_cm":304,"minecraft:time_since_rest":28833,"minecraft:sprint_one_cm":217717,"minecraft:damage_taken":2424,"minecraft:walk_one_cm":130324,"minecraft:drop":54,"minecraft:damage_dealt":3591,"minecraft:damage_dealt_absorbed":9,"minecraft:swim_one_cm":50357,"minecraft:fly_one_cm":225425,"minecraft:player_kills":1,"minecraft:open_chest":17,"minecraft:crouch_one_cm":9968,"minecraft:play_time":77649,"minecraft:deaths":6,"minecraft:sneak_time":3590,"minecraft:walk_under_water_one_cm":5736,"minecraft:jump":2047,"minecraft:walk_on_water_one_cm":6919,"minecraft:total_world_time":77649,"minecraft:fall_one_cm":68955},"minecraft:used":{"minecraft:cooked_mutton":3,"minecraft:wheat_seeds":21,"minecraft:stone_sword":13,"minecraft:acacia_log":1,"minecraft:birch_planks":1,"minecraft:stone_pickaxe":108,"minecraft:wooden_pickaxe":38,"minecraft:cooked_chicken":1,"minecraft:rotten_flesh":1,"minecraft:torch":5,"minecraft:dirt":31,"minecraft:crafting_table":9,"minecraft:carrot":6,"minecraft:white_bed":1,"minecraft:tuff":3,"minecraft:wooden_axe":2,"minecraft:iron_axe":3,"minecraft:iron_pickaxe":279,"minecraft:stone_axe":32,"minecraft:diamond_sword":91,"minecraft:cobblestone":88,"minecraft:furnace":10,"minecraft:cooked_porkchop":4,"minecraft:andesite":2,"minecraft:egg":1,"minecraft:cooked_beef":4,"minecraft:cobbled_deepslate":67,"minecraft:acacia_planks":37},"minecraft:mined":{"minecraft:tuff":5,"minecraft:acacia_leaves":3,"minecraft:white_bed":3,"minecraft:deepslate_diamond_ore":25,"minecraft:sculk_vein":1,"minecraft:crafting_table":4,"minecraft:torch":5,"minecraft:acacia_log":27,"minecraft:grass_block":3,"minecraft:tall_grass":1,"minecraft:cobblestone":11,"minecraft:oak_planks":2,"minecraft:sculk":5,"minecraft:diorite":7,"minecraft:hay_block":8,"minecraft:birch_planks":1,"minecraft:furnace":7,"minecraft:carrots":8,"minecraft:iron_ore":56,"minecraft:wheat":12,"minecraft:andesite":6,"minecraft:gold_block":1,"minecraft:grass":10,"minecraft:sculk_shrieker":1,"minecraft:potatoes":4,"minecraft:coal_ore":51,"minecraft:dirt":5,"minecraft:acacia_planks":9,"minecraft:stone":140,"minecraft:oak_leaves":1,"minecraft:deepslate":100},"minecraft:killed":{"minecraft:pig":5,"minecraft:skeleton":2,"minecraft:sheep":11,"minecraft:zombie":2,"minecraft:chicken":4,"minecraft:tropical_fish":1,"minecraft:villager":1,"minecraft:cow":2},"minecraft:killed_by":{"minecraft:player":3},"minecraft:broken":{"minecraft:iron_pickaxe":1}},"DataVersion":3465}