{"stats":{"minecraft:crafted":{"minecraft:acacia_planks":28,"minecraft:crafting_table":1,"minecraft:stick":4,"minecraft:wooden_pickaxe":1,"minecraft:wooden_axe":1},"minecraft:picked_up":{"minecraft:acacia_log":8,"minecraft:cobblestone":2},"minecraft:used":{"minecraft:acacia_log":1,"minecraft:crafting_table":1,"minecraft:wooden_pickaxe":2,"minecraft:acacia_planks":6},"minecraft:custom":{"minecraft:time_since_rest":3184,"minecraft:crouch_one_cm":615,"minecraft:play_time":3184,"minecraft:sprint_one_cm":8921,"minecraft:damage_taken":95,"minecraft:walk_one_cm":7564,"minecraft:sneak_time":287,"minecraft:jump":71,"minecraft:time_since_death":3184,"minecraft:total_world_time":3184,"minecraft:interact_with_crafting_table":1,"minecraft:fall_one_cm":3416,"minecraft:fly_one_cm":9125},"minecraft:mined":{"minecraft:acacia_log":8,"minecraft:acacia_leaves":1,"minecraft:stone":2}},"DataVersion":3465}