{"stats":{"minecraft:picked_up":{"minecraft:crafting_table":5,"minecraft:wheat":12,"minecraft:chicken":4,"minecraft:gold_block":2,"minecraft:raw_copper":5,"minecraft:cobbled_deepslate":115,"minecraft:beef":4,"minecraft:iron_pickaxe":2,"minecraft:furnace":7,"minecraft:egg":1,"minecraft:raw_iron":72,"minecraft:stick":5,"minecraft:torch":5,"minecraft:acacia_log":26,"minecraft:porkchop":12,"minecraft:cherry_log":15,"minecraft:diorite":1,"minecraft:carrot":30,"minecraft:rotten_flesh":4,"minecraft:tropical_fish":1,"minecraft:hay_block":19,"minecraft:mutton":15,"minecraft:cobblestone":180,"minecraft:white_wool":10,"minecraft:pink_petals":54,"minecraft:feather":9,"minecraft:andesite":12,"minecraft:leather":4,"minecraft:brown_wool":1,"minecraft:potato":16,"minecraft:birch_planks":1,"minecraft:tuff":10,"minecraft:dirt":33,"minecraft:bone":5,"minecraft:acacia_planks":9,"minecraft:wheat_seeds":43,"minecraft:iron_ingot":1,"minecraft:acacia_sapling":2,"minecraft:oak_planks":1,"minecraft:white_bed":2,"minecraft:diamond":56,"minecraft:stone_axe":1,"minecraft:cherry_sapling":1,"minecraft:coal":117},"minecraft:crafted":{"minecraft:cherry_planks":60,"minecraft:cooked_chicken":4,"minecraft:furnace":6,"minecraft:cooked_mutton":15,"minecraft:diamond_helmet":1,"minecraft:diamond_leggings":1,"minecraft:iron_axe":1,"minecraft:stone_pickaxe":1,"minecraft:diamond_boots":1,"minecraft:wheat":72,"minecraft:cooked_beef":4,"minecraft:diamond_sword":1,"minecraft:cooked_porkchop":12,"minecraft:diamond_axe":1,"minecraft:crafting_table":6,"minecraft:wooden_pickaxe":1,"minecraft:iron_sword":1,"minecraft:stone_axe":1,"minecraft:bread":28,"minecraft:air":0,"minecraft:diamond_pickaxe":1,"minecraft:shield":1,"minecraft:stick":72,"minecraft:iron_ingot":16,"minecraft:iron_pickaxe":3,"minecraft:wooden_axe":1,"minecraft:stone_sword":1,"minecraft:acacia_planks":100,"minecraft:torch":4,"minecraft:diamond_chestplate":1},"minecraft:dropped":{"minecraft:iron_ingot":2,"minecraft:iron_sword":1,"minecraft:wheat_seeds":1,"minecraft:diamond":1,"minecraft:feather":9,"minecraft:cobblestone":10,"minecraft:leather":4,"minecraft:tropical_fish":1,"minecraft:coal":7,"minecraft:stick":1,"minecraft:gold_block":1,"minecraft:dirt":2,"minecraft:wooden_axe":1,"minecraft:brown_wool":1,"minecraft:fire_charge":3,"minecraft:iron_axe":1,"minecraft:iron_pickaxe":4,"minecraft:bone":5,"minecraft:stone_axe":2,"minecraft:iron_nugget":18,"minecraft:stone_sword":1,"minecraft:raw_copper":5,"minecraft:tuff":7,"minecraft:rotten_flesh":1,"minecraft:oak_planks":1,"minecraft:andesite":10,"minecraft:acacia_sapling":2,"minecraft:stone_pickaxe":1,"minecraft:wooden_pickaxe":1},"minecraft:custom":{"minecraft:mob_kills":31,"minecraft:interact_with_crafting_table":41,"minecraft:leave_game":1,"minecraft:time_since_death":14185,"minecraft:climb_one_cm":304,"minecraft:sprint_one_cm":314307,"minecraft:walk_one_cm":166102,"minecraft:damage_blocked_by_shield":174,"minecraft:drop":61,"minecraft:damage_dealt_absorbed":9,"minecraft:play_time":101649,"minecraft:deaths":7,"minecraft:sneak_time":4378,"minecraft:walk_under_water_one_cm":7837,"minecraft:jump":2719,"minecraft:walk_on_water_one_cm":9758,"minecraft:total_world_time":101649,"minecraft:interact_with_furnace":56,"minecraft:interact_with_cartography_table":1,"minecraft:sleep_in_bed":1,"minecraft:time_since_rest":14216,"minecraft:damage_taken":3192,"minecraft:damage_dealt":3895,"minecraft:swim_one_cm":64885,"minecraft:player_kills":1,"minecraft:fly_one_cm":329826,"minecraft:open_chest":23,"minecraft:crouch_one_cm":12204,"minecraft:fall_one_cm":94827},"minecraft:used":{"minecraft:stone_sword":13,"minecraft:acacia_log":1,"minecraft:shield":3,"minecraft:rotten_flesh":1,"minecraft:cooked_chicken":4,"minecraft:torch":5,"minecraft:dirt":31,"minecraft:carrot":6,"minecraft:tuff":3,"minecraft:wooden_axe":2,"minecraft:iron_axe":3,"minecraft:furnace":11,"minecraft:egg":1,"minecraft:cooked_beef":4,"minecraft:acacia_planks":37,"minecraft:cobbled_deepslate":67,"minecraft:wheat_seeds":21,"minecraft:cooked_mutton":5,"minecraft:diorite":1,"minecraft:birch_planks":1,"minecraft:stone_pickaxe":108,"minecraft:wooden_pickaxe":38,"minecraft:diamond_axe":72,"minecraft:crafting_table":10,"minecraft:white_bed":1,"minecraft:diamond_pickaxe":57,"minecraft:iron_pickaxe":349,"minecraft:stone_axe":32,"minecraft:diamond_sword":100,"minecraft:cobblestone":130,"minecraft:cooked_porkchop":8,"minecraft:andesite":2},"minecraft:mined":{"minecraft:tuff":12,"minecraft:white_bed":3,"minecraft:deepslate_diamond_ore":54,"minecraft:cherry_log":15,"minecraft:sculk_vein":1,"minecraft:acacia_log":27,"minecraft:grass_block":3,"minecraft:hay_block":20,"minecraft:furnace":7,"minecraft:carrots":8,"minecraft:iron_ore":56,"minecraft:andesite":16,"minecraft:gold_block":1,"minecraft:sculk_shrieker":1,"minecraft:potatoes":4,"minecraft:stone":185,"minecraft:acacia_leaves":3,"minecraft:crafting_table":5,"minecraft:torch":5,"minecraft:sculk_sensor":1,"minecraft:tall_grass":1,"minecraft:cobblestone":11,"minecraft:oak_planks":2,"minecraft:sculk":7,"minecraft:diorite":8,"minecraft:pink_petals":32,"minecraft:birch_planks":1,"minecraft:wheat":12,"minecraft:grass":17,"minecraft:coal_ore":51,"minecraft:cherry_leaves":9,"minecraft:dirt":5,"minecraft:acacia_planks":9,"minecraft:oak_leaves":1,"minecraft:deepslate":132},"minecraft:killed":{"minecraft:skeleton":2,"minecraft:chicken":4,"minecraft:tropical_fish":1,"minecraft:pig":5,"minecraft:sheep":11,"minecraft:zombie":3,"minecraft:villager":1,"minecraft:cow":2},"minecraft:killed_by":{"minecraft:player":3},"minecraft:broken":{"minecraft:iron_pickaxe":1}},"DataVersion":3465}