{"stats":{"minecraft:crafted":{"minecraft:diamond_sword":1,"minecraft:cooked_porkchop":4,"minecraft:crafting_table":5,"minecraft:wooden_pickaxe":1,"minecraft:iron_sword":1,"minecraft:furnace":3,"minecraft:stone_axe":1,"minecraft:air":0,"minecraft:diamond_helmet":1,"minecraft:diamond_leggings":1,"minecraft:shield":1,"minecraft:stick":20,"minecraft:iron_ingot":6,"minecraft:iron_pickaxe":1,"minecraft:stone_pickaxe":1,"minecraft:wooden_axe":1,"minecraft:stone_sword":1,"minecraft:diamond_boots":1,"minecraft:acacia_planks":100,"minecraft:torch":4,"minecraft:diamond_chestplate":1},"minecraft:picked_up":{"minecraft:crafting_table":1,"minecraft:andesite":2,"minecraft:birch_planks":1,"minecraft:tuff":3,"minecraft:dirt":29,"minecraft:raw_copper":5,"minecraft:acacia_planks":9,"minecraft:wheat_seeds":1,"minecraft:cobbled_deepslate":83,"minecraft:iron_pickaxe":1,"minecraft:acacia_sapling":2,"minecraft:furnace":2,"minecraft:stick":5,"minecraft:raw_iron":24,"minecraft:torch":1,"minecraft:acacia_log":26,"minecraft:porkchop":4,"minecraft:white_bed":1,"minecraft:rotten_flesh":1,"minecraft:diamond":27,"minecraft:tropical_fish":1,"minecraft:stone_axe":1,"minecraft:coal":26,"minecraft:cobblestone":112},"minecraft:dropped":{"minecraft:stone_axe":1,"minecraft:wheat_seeds":1,"minecraft:tropical_fish":1},"minecraft:used":{"minecraft:stone_sword":13,"minecraft:acacia_log":1,"minecraft:birch_planks":1,"minecraft:stone_pickaxe":108,"minecraft:wooden_pickaxe":38,"minecraft:rotten_flesh":1,"minecraft:torch":1,"minecraft:dirt":29,"minecraft:crafting_table":6,"minecraft:white_bed":1,"minecraft:tuff":3,"minecraft:iron_pickaxe":181,"minecraft:stone_axe":32,"minecraft:diamond_sword":22,"minecraft:cobblestone":88,"minecraft:furnace":5,"minecraft:cooked_porkchop":4,"minecraft:andesite":2,"minecraft:cobbled_deepslate":36,"minecraft:acacia_planks":37},"minecraft:custom":{"minecraft:interact_with_furnace":23,"minecraft:mob_kills":6,"minecraft:interact_with_crafting_table":26,"minecraft:leave_game":1,"minecraft:time_since_death":2696,"minecraft:sleep_in_bed":1,"minecraft:time_since_rest":1227,"minecraft:sprint_one_cm":131591,"minecraft:damage_taken":1727,"minecraft:walk_one_cm":66324,"minecraft:drop":3,"minecraft:damage_dealt":1057,"minecraft:damage_dealt_absorbed":9,"minecraft:swim_one_cm":44465,"minecraft:player_kills":1,"minecraft:fly_one_cm":141595,"minecraft:open_chest":1,"minecraft:crouch_one_cm":8574,"minecraft:play_time":45795,"minecraft:deaths":5,"minecraft:sneak_time":3243,"minecraft:walk_under_water_one_cm":5272,"minecraft:jump":1129,"minecraft:walk_on_water_one_cm":4845,"minecraft:total_world_time":45795,"minecraft:fall_one_cm":35597},"minecraft:mined":{"minecraft:tuff":5,"minecraft:acacia_leaves":3,"minecraft:white_bed":2,"minecraft:deepslate_diamond_ore":25,"minecraft:sculk_vein":1,"minecraft:crafting_table":1,"minecraft:torch":1,"minecraft:acacia_log":27,"minecraft:grass_block":1,"minecraft:cobblestone":11,"minecraft:sculk":5,"minecraft:diorite":7,"minecraft:birch_planks":1,"minecraft:furnace":2,"minecraft:iron_ore":19,"minecraft:andesite":6,"minecraft:grass":6,"minecraft:sculk_shrieker":1,"minecraft:coal_ore":19,"minecraft:dirt":5,"minecraft:acacia_planks":9,"minecraft:stone":118,"minecraft:deepslate":100},"minecraft:killed":{"minecraft:pig":2,"minecraft:zombie":2,"minecraft:villager":1,"minecraft:tropical_fish":1},"minecraft:killed_by":{"minecraft:player":3}},"DataVersion":3465}