{"stats":{"minecraft:crafted":{"minecraft:cooked_porkchop":4,"minecraft:crafting_table":3,"minecraft:stick":20,"minecraft:iron_pickaxe":1,"minecraft:iron_ingot":5,"minecraft:wooden_pickaxe":1,"minecraft:stone_pickaxe":1,"minecraft:wooden_axe":1,"minecraft:stone_sword":1,"minecraft:iron_sword":1,"minecraft:furnace":2,"minecraft:acacia_planks":56,"minecraft:torch":4,"minecraft:stone_axe":1,"minecraft:air":0},"minecraft:picked_up":{"minecraft:crafting_table":1,"minecraft:raw_iron":24,"minecraft:acacia_log":15,"minecraft:porkchop":4,"minecraft:dirt":5,"minecraft:acacia_planks":9,"minecraft:rotten_flesh":1,"minecraft:stone_axe":1,"minecraft:wheat_seeds":1,"minecraft:coal":26,"minecraft:cobblestone":84,"minecraft:furnace":2},"minecraft:dropped":{"minecraft:stone_axe":1},"minecraft:used":{"minecraft:stone_sword":13,"minecraft:acacia_log":1,"minecraft:stone_pickaxe":35,"minecraft:iron_pickaxe":58,"minecraft:wooden_pickaxe":37,"minecraft:rotten_flesh":1,"minecraft:stone_axe":18,"minecraft:dirt":1,"minecraft:cobblestone":6,"minecraft:crafting_table":4,"minecraft:cooked_porkchop":1,"minecraft:furnace":4,"minecraft:acacia_planks":37},"minecraft:custom":{"minecraft:time_since_rest":7989,"minecraft:interact_with_furnace":18,"minecraft:sprint_one_cm":60584,"minecraft:walk_one_cm":36565,"minecraft:damage_taken":560,"minecraft:mob_kills":3,"minecraft:drop":1,"minecraft:damage_dealt":483,"minecraft:interact_with_crafting_table":19,"minecraft:fly_one_cm":68120,"minecraft:crouch_one_cm":5427,"minecraft:play_time":21184,"minecraft:deaths":2,"minecraft:sneak_time":1707,"minecraft:jump":544,"minecraft:time_since_death":7934,"minecraft:total_world_time":21184,"minecraft:fall_one_cm":16197},"minecraft:mined":{"minecraft:acacia_leaves":3,"minecraft:furnace":2,"minecraft:iron_ore":19,"minecraft:crafting_table":1,"minecraft:grass":4,"minecraft:acacia_log":15,"minecraft:grass_block":1,"minecraft:coal_ore":19,"minecraft:dirt":5,"minecraft:acacia_planks":9,"minecraft:stone":83},"minecraft:killed":{"minecraft:pig":2,"minecraft:zombie":1},"minecraft:killed_by":{"minecraft:player":1}},"DataVersion":3465}