{"stats":{"minecraft:picked_up":{"minecraft:crafting_table":2,"minecraft:wheat":12,"minecraft:chicken":2,"minecraft:feather":3,"minecraft:andesite":2,"minecraft:leather":2,"minecraft:potato":16,"minecraft:birch_planks":1,"minecraft:tuff":3,"minecraft:dirt":31,"minecraft:raw_copper":5,"minecraft:bone":1,"minecraft:acacia_planks":9,"minecraft:wheat_seeds":40,"minecraft:cobbled_deepslate":83,"minecraft:iron_ingot":1,"minecraft:beef":4,"minecraft:iron_pickaxe":1,"minecraft:oak_planks":1,"minecraft:acacia_sapling":2,"minecraft:furnace":3,"minecraft:stick":5,"minecraft:raw_iron":63,"minecraft:torch":2,"minecraft:acacia_log":26,"minecraft:porkchop":9,"minecraft:carrot":30,"minecraft:white_bed":2,"minecraft:rotten_flesh":2,"minecraft:diamond":27,"minecraft:tropical_fish":1,"minecraft:stone_axe":1,"minecraft:hay_block":8,"minecraft:mutton":4,"minecraft:coal":83,"minecraft:white_wool":3,"minecraft:cobblestone":116},"minecraft:crafted":{"minecraft:cooked_beef":4,"minecraft:diamond_sword":1,"minecraft:cooked_porkchop":4,"minecraft:crafting_table":6,"minecraft:wooden_pickaxe":1,"minecraft:cooked_chicken":1,"minecraft:iron_sword":1,"minecraft:furnace":4,"minecraft:stone_axe":1,"minecraft:air":0,"minecraft:diamond_helmet":1,"minecraft:diamond_leggings":1,"minecraft:shield":1,"minecraft:iron_axe":1,"minecraft:stick":72,"minecraft:iron_ingot":16,"minecraft:iron_pickaxe":3,"minecraft:stone_pickaxe":1,"minecraft:wooden_axe":1,"minecraft:stone_sword":1,"minecraft:diamond_boots":1,"minecraft:acacia_planks":100,"minecraft:torch":4,"minecraft:diamond_chestplate":1},"minecraft:dropped":{"minecraft:iron_sword":1,"minecraft:stone_axe":2,"minecraft:wheat_seeds":1,"minecraft:stone_sword":1,"minecraft:raw_copper":5,"minecraft:diamond":1,"minecraft:cobblestone":4,"minecraft:feather":3,"minecraft:rotten_flesh":1,"minecraft:oak_planks":1,"minecraft:tropical_fish":1,"minecraft:stick":1,"minecraft:wooden_axe":1,"minecraft:acacia_sapling":2,"minecraft:wooden_pickaxe":1,"minecraft:stone_pickaxe":1,"minecraft:iron_pickaxe":1,"minecraft:bone":1},"minecraft:custom":{"minecraft:interact_with_furnace":36,"minecraft:mob_kills":18,"minecraft:interact_with_crafting_table":35,"minecraft:leave_game":1,"minecraft:time_since_death":16805,"minecraft:sleep_in_bed":1,"minecraft:climb_one_cm":304,"minecraft:time_since_rest":16833,"minecraft:sprint_one_cm":183033,"minecraft:damage_taken":2178,"minecraft:walk_one_cm":109038,"minecraft:drop":29,"minecraft:damage_dealt":2496,"minecraft:damage_dealt_absorbed":9,"minecraft:swim_one_cm":44465,"minecraft:fly_one_cm":184588,"minecraft:player_kills":1,"minecraft:open_chest":16,"minecraft:crouch_one_cm":9695,"minecraft:play_time":65649,"minecraft:deaths":6,"minecraft:sneak_time":3492,"minecraft:walk_under_water_one_cm":5473,"minecraft:jump":1663,"minecraft:walk_on_water_one_cm":6225,"minecraft:total_world_time":65649,"minecraft:fall_one_cm":53928},"minecraft:used":{"minecraft:wheat_seeds":21,"minecraft:stone_sword":13,"minecraft:acacia_log":1,"minecraft:birch_planks":1,"minecraft:stone_pickaxe":108,"minecraft:wooden_pickaxe":38,"minecraft:cooked_chicken":1,"minecraft:rotten_flesh":1,"minecraft:torch":1,"minecraft:dirt":31,"minecraft:crafting_table":7,"minecraft:carrot":6,"minecraft:white_bed":1,"minecraft:tuff":3,"minecraft:wooden_axe":2,"minecraft:iron_axe":1,"minecraft:iron_pickaxe":244,"minecraft:stone_axe":32,"minecraft:diamond_sword":70,"minecraft:cobblestone":88,"minecraft:furnace":6,"minecraft:cooked_porkchop":4,"minecraft:andesite":2,"minecraft:cooked_beef":2,"minecraft:cobbled_deepslate":67,"minecraft:acacia_planks":37},"minecraft:mined":{"minecraft:tuff":5,"minecraft:acacia_leaves":3,"minecraft:white_bed":3,"minecraft:deepslate_diamond_ore":25,"minecraft:sculk_vein":1,"minecraft:crafting_table":2,"minecraft:torch":2,"minecraft:acacia_log":27,"minecraft:grass_block":3,"minecraft:cobblestone":11,"minecraft:oak_planks":2,"minecraft:sculk":5,"minecraft:diorite":7,"minecraft:hay_block":8,"minecraft:birch_planks":1,"minecraft:furnace":3,"minecraft:carrots":8,"minecraft:iron_ore":47,"minecraft:wheat":12,"minecraft:andesite":6,"minecraft:grass":9,"minecraft:sculk_shrieker":1,"minecraft:potatoes":4,"minecraft:coal_ore":48,"minecraft:dirt":5,"minecraft:acacia_planks":9,"minecraft:stone":122,"minecraft:oak_leaves":1,"minecraft:deepslate":100},"minecraft:killed":{"minecraft:pig":5,"minecraft:skeleton":1,"minecraft:sheep":3,"minecraft:zombie":2,"minecraft:chicken":2,"minecraft:tropical_fish":1,"minecraft:villager":1,"minecraft:cow":2},"minecraft:killed_by":{"minecraft:player":3},"minecraft:broken":{"minecraft:iron_pickaxe":1}},"DataVersion":3465}