{"stats":{"minecraft:mined":{"minecraft:white_bed":3,"minecraft:crafting_table":11,"minecraft:torch":4,"minecraft:blast_furnace":3,"minecraft:acacia_log":6,"minecraft:emerald_ore":5,"minecraft:grass_block":1,"minecraft:cobblestone":4,"minecraft:wall_torch":23,"minecraft:hay_block":71,"minecraft:birch_planks":6,"minecraft:furnace":2,"minecraft:birch_log":59,"minecraft:iron_ore":176,"minecraft:birch_leaves":10,"minecraft:grass":5,"minecraft:oak_log":35,"minecraft:coal_ore":237,"minecraft:gravel":6,"minecraft:dripstone_block":2,"minecraft:dirt":1,"minecraft:acacia_planks":9,"minecraft:stone":226,"minecraft:oak_leaves":112},"minecraft:custom":{"minecraft:interact_with_furnace":16,"minecraft:mob_kills":20,"minecraft:interact_with_crafting_table":40,"minecraft:leave_game":8,"minecraft:time_since_death":98920,"minecraft:sleep_in_bed":2,"minecraft:climb_one_cm":444,"minecraft:time_since_rest":10049,"minecraft:sprint_one_cm":110020,"minecraft:damage_taken":1593,"minecraft:walk_one_cm":235354,"minecraft:damage_blocked_by_shield":225,"minecraft:drop":14,"minecraft:damage_dealt":3862,"minecraft:swim_one_cm":3225,"minecraft:fly_one_cm":173082,"minecraft:open_chest":9,"minecraft:crouch_one_cm":12727,"minecraft:play_time":103271,"minecraft:deaths":1,"minecraft:sneak_time":4880,"minecraft:walk_under_water_one_cm":1067,"minecraft:jump":1518,"minecraft:interact_with_blast_furnace":22,"minecraft:walk_on_water_one_cm":1598,"minecraft:interact_with_smoker":3,"minecraft:total_world_time":103271,"minecraft:fall_one_cm":56431},"minecraft:killed":{"minecraft:iron_golem":1,"minecraft:sheep":5,"minecraft:skeleton":2,"minecraft:zombie":7,"minecraft:cow":3},"minecraft:broken":{"minecraft:iron_pickaxe":2},"minecraft:picked_up":{"minecraft:birch_log":59,"minecraft:crafting_table":12,"minecraft:birch_door":2,"minecraft:wheat":3,"minecraft:leather":2,"minecraft:birch_planks":6,"minecraft:flint":1,"minecraft:oak_log":35,"minecraft:dirt":39,"minecraft:bone":3,"minecraft:acacia_planks":22,"minecraft:apple":1,"minecraft:wheat_seeds":1,"minecraft:iron_ingot":5,"minecraft:beef":16,"minecraft:stone_pickaxe":1,"minecraft:poppy":1,"minecraft:birch_sapling":4,"minecraft:furnace":2,"minecraft:stick":11,"minecraft:raw_iron":172,"minecraft:torch":28,"minecraft:acacia_log":6,"minecraft:dripstone_block":1,"minecraft:gravel":5,"minecraft:blast_furnace":3,"minecraft:white_bed":3,"minecraft:arrow":5,"minecraft:rotten_flesh":5,"minecraft:stone_axe":1,"minecraft:hay_block":72,"minecraft:emerald":5,"minecraft:oak_sapling":2,"minecraft:mutton":7,"minecraft:coal":309,"minecraft:white_wool":4,"minecraft:cobblestone":257},"minecraft:used":{"minecraft:birch_planks":225,"minecraft:stone_pickaxe":52,"minecraft:wooden_pickaxe":3,"minecraft:chest":4,"minecraft:shield":7,"minecraft:iron_sword":11,"minecraft:torch":50,"minecraft:dirt":6,"minecraft:crafting_table":12,"minecraft:blast_furnace":4,"minecraft:white_bed":3,"minecraft:oak_log":2,"minecraft:smoker":1,"minecraft:iron_hoe":112,"minecraft:birch_door":4,"minecraft:apple":5,"minecraft:bread":16,"minecraft:iron_axe":128,"minecraft:iron_pickaxe":618,"minecraft:stone_axe":62,"minecraft:cobblestone":124,"minecraft:hay_block":4,"minecraft:furnace":2,"minecraft:cooked_beef":6,"minecraft:acacia_planks":9},"minecraft:dropped":{"minecraft:gravel":5,"minecraft:stone_axe":1,"minecraft:wheat_seeds":1,"minecraft:dripstone_block":1,"minecraft:wheat":3,"minecraft:rotten_flesh":5,"minecraft:leather":2,"minecraft:poppy":1,"minecraft:hay_block":1,"minecraft:oak_sapling":1,"minecraft:wooden_pickaxe":1,"minecraft:stone_pickaxe":1},"minecraft:crafted":{"minecraft:cooked_beef":8,"minecraft:smooth_stone":3,"minecraft:oak_planks":24,"minecraft:crafting_table":1,"minecraft:wooden_pickaxe":1,"minecraft:iron_helmet":1,"minecraft:iron_sword":1,"minecraft:furnace":2,"minecraft:blast_furnace":1,"minecraft:stone":3,"minecraft:birch_planks":236,"minecraft:bucket":1,"minecraft:hay_block":2,"minecraft:stone_axe":1,"minecraft:cooked_mutton":7,"minecraft:bread":186,"minecraft:air":0,"minecraft:flint_and_steel":1,"minecraft:iron_boots":1,"minecraft:iron_chestplate":1,"minecraft:shield":1,"minecraft:iron_axe":1,"minecraft:iron_hoe":1,"minecraft:stick":24,"minecraft:iron_ingot":170,"minecraft:iron_pickaxe":3,"minecraft:stone_pickaxe":1,"minecraft:chest":4,"minecraft:iron_leggings":1,"minecraft:birch_door":3,"minecraft:acacia_planks":24,"minecraft:torch":64,"minecraft:smoker":1,"minecraft:wheat":576}},"DataVersion":3465}