{"stats":{"minecraft:dropped":{"minecraft:filled_map":1,"minecraft:iron_ingot":13,"minecraft:gunpowder":5,"minecraft:lapis_lazuli":5,"minecraft:iron_chestplate":1,"minecraft:diamond":1,"minecraft:mutton":1,"minecraft:bowl":2,"minecraft:experience_bottle":1,"minecraft:enchanted_golden_apple":1,"minecraft:carrot":3,"minecraft:leather_helmet":1,"minecraft:suspicious_stew":1,"minecraft:gold_ingot":1},"minecraft:picked_up":{"minecraft:sand":6,"minecraft:oak_log":5,"minecraft:carrot":3,"minecraft:iron_ingot":13,"minecraft:mutton":1,"minecraft:white_wool":1},"minecraft:custom":{"minecraft:time_since_rest":14308,"minecraft:sprint_one_cm":21025,"minecraft:damage_taken":614,"minecraft:walk_one_cm":49331,"minecraft:drop":19,"minecraft:damage_dealt":57,"minecraft:swim_one_cm":13711,"minecraft:interact_with_crafting_table":2,"minecraft:fly_one_cm":46432,"minecraft:open_chest":4,"minecraft:crouch_one_cm":307,"minecraft:play_time":24844,"minecraft:deaths":1,"minecraft:sneak_time":451,"minecraft:walk_under_water_one_cm":16110,"minecraft:jump":262,"minecraft:leave_game":8,"minecraft:time_since_death":22170,"minecraft:walk_on_water_one_cm":13117,"minecraft:climb_one_cm":916,"minecraft:total_world_time":24844,"minecraft:sleep_in_bed":2,"minecraft:fall_one_cm":7558},"minecraft:crafted":{"minecraft:oak_planks":20,"minecraft:iron_chestplate":1,"minecraft:crafting_table":1},"minecraft:used":{"minecraft:moss_block":3,"minecraft:suspicious_stew":2,"minecraft:stone_axe":6,"minecraft:white_wool":1,"minecraft:sand":6,"minecraft:crafting_table":1,"minecraft:carrot":2,"minecraft:potato":7},"minecraft:mined":{"minecraft:dark_oak_log":1,"minecraft:grass":2,"minecraft:oak_log":6,"minecraft:gravel":1,"minecraft:sand":6,"minecraft:tall_grass":1,"minecraft:oak_planks":1}},"DataVersion":3465}