{"stats":{"minecraft:mined":{"minecraft:white_bed":1,"minecraft:crafting_table":9,"minecraft:torch":4,"minecraft:acacia_log":6,"minecraft:blast_furnace":2,"minecraft:emerald_ore":2,"minecraft:grass_block":1,"minecraft:wall_torch":10,"minecraft:hay_block":69,"minecraft:furnace":1,"minecraft:iron_ore":132,"minecraft:grass":4,"minecraft:coal_ore":216,"minecraft:dripstone_block":2,"minecraft:gravel":6,"minecraft:dirt":1,"minecraft:acacia_planks":9,"minecraft:stone":149,"minecraft:oak_leaves":24},"minecraft:custom":{"minecraft:interact_with_furnace":10,"minecraft:mob_kills":17,"minecraft:interact_with_crafting_table":18,"minecraft:leave_game":7,"minecraft:time_since_death":60160,"minecraft:climb_one_cm":444,"minecraft:time_since_rest":60188,"minecraft:sprint_one_cm":60866,"minecraft:damage_taken":1171,"minecraft:walk_one_cm":139500,"minecraft:damage_blocked_by_shield":125,"minecraft:drop":10,"minecraft:damage_dealt":3279,"minecraft:swim_one_cm":3225,"minecraft:fly_one_cm":114266,"minecraft:open_chest":1,"minecraft:crouch_one_cm":7656,"minecraft:play_time":64511,"minecraft:deaths":1,"minecraft:sneak_time":3369,"minecraft:walk_under_water_one_cm":1067,"minecraft:jump":1049,"minecraft:interact_with_blast_furnace":10,"minecraft:walk_on_water_one_cm":1598,"minecraft:total_world_time":64511,"minecraft:fall_one_cm":37987},"minecraft:killed":{"minecraft:iron_golem":1,"minecraft:skeleton":2,"minecraft:sheep":5,"minecraft:zombie":6,"minecraft:cow":3},"minecraft:broken":{"minecraft:iron_pickaxe":1},"minecraft:picked_up":{"minecraft:crafting_table":10,"minecraft:leather":2,"minecraft:flint":1,"minecraft:dirt":2,"minecraft:bone":2,"minecraft:acacia_planks":22,"minecraft:iron_ingot":5,"minecraft:beef":16,"minecraft:stone_pickaxe":1,"minecraft:poppy":1,"minecraft:furnace":1,"minecraft:stick":2,"minecraft:raw_iron":129,"minecraft:dripstone_block":1,"minecraft:torch":15,"minecraft:acacia_log":6,"minecraft:gravel":5,"minecraft:blast_furnace":2,"minecraft:white_bed":1,"minecraft:arrow":4,"minecraft:rotten_flesh":5,"minecraft:stone_axe":1,"minecraft:hay_block":69,"minecraft:emerald":2,"minecraft:mutton":7,"minecraft:coal":224,"minecraft:white_wool":4,"minecraft:cobblestone":179},"minecraft:used":{"minecraft:stone_pickaxe":52,"minecraft:shield":4,"minecraft:wooden_pickaxe":3,"minecraft:iron_sword":7,"minecraft:torch":27,"minecraft:dirt":2,"minecraft:crafting_table":9,"minecraft:blast_furnace":1,"minecraft:iron_hoe":18,"minecraft:iron_axe":14,"minecraft:bread":10,"minecraft:iron_pickaxe":466,"minecraft:stone_axe":62,"minecraft:cobblestone":35,"minecraft:hay_block":2,"minecraft:furnace":1,"minecraft:cooked_beef":5,"minecraft:acacia_planks":9},"minecraft:dropped":{"minecraft:gravel":5,"minecraft:stone_axe":1,"minecraft:dripstone_block":1,"minecraft:rotten_flesh":5,"minecraft:leather":2,"minecraft:poppy":1,"minecraft:wooden_pickaxe":1,"minecraft:stone_pickaxe":1},"minecraft:crafted":{"minecraft:cooked_beef":8,"minecraft:crafting_table":1,"minecraft:wooden_pickaxe":1,"minecraft:iron_helmet":1,"minecraft:iron_sword":1,"minecraft:furnace":1,"minecraft:bucket":1,"minecraft:hay_block":2,"minecraft:stone_axe":1,"minecraft:bread":185,"minecraft:air":0,"minecraft:flint_and_steel":1,"minecraft:iron_boots":1,"minecraft:iron_chestplate":1,"minecraft:shield":1,"minecraft:iron_axe":1,"minecraft:iron_hoe":1,"minecraft:stick":20,"minecraft:iron_ingot":59,"minecraft:iron_pickaxe":2,"minecraft:stone_pickaxe":1,"minecraft:iron_leggings":1,"minecraft:acacia_planks":24,"minecraft:torch":20,"minecraft:wheat":576}},"DataVersion":3465}