{"stats":{"minecraft:dropped":{"minecraft:enchanted_golden_apple":1},"minecraft:picked_up":{"minecraft:sand":4},"minecraft:custom":{"minecraft:time_since_rest":2308,"minecraft:crouch_one_cm":254,"minecraft:play_time":12844,"minecraft:sprint_one_cm":8497,"minecraft:deaths":1,"minecraft:damage_taken":408,"minecraft:walk_one_cm":12938,"minecraft:sneak_time":113,"minecraft:walk_under_water_one_cm":1107,"minecraft:drop":1,"minecraft:jump":99,"minecraft:damage_dealt":29,"minecraft:leave_game":8,"minecraft:walk_on_water_one_cm":403,"minecraft:time_since_death":10170,"minecraft:sleep_in_bed":2,"minecraft:total_world_time":12844,"minecraft:climb_one_cm":916,"minecraft:fall_one_cm":4005,"minecraft:fly_one_cm":27040},"minecraft:used":{"minecraft:sand":4},"minecraft:mined":{"minecraft:sand":4,"minecraft:tall_grass":1,"minecraft:oak_planks":1}},"DataVersion":3465}