{"stats":{"minecraft:killed":{"minecraft:sheep":3,"minecraft:zombie":2,"minecraft:iron_golem":1,"minecraft:cow":3},"minecraft:mined":{"minecraft:furnace":1,"minecraft:iron_ore":17,"minecraft:crafting_table":2,"minecraft:grass":2,"minecraft:acacia_log":6,"minecraft:grass_block":1,"minecraft:coal_ore":11,"minecraft:dirt":1,"minecraft:acacia_planks":9,"minecraft:stone":50},"minecraft:dropped":{"minecraft:poppy":1,"minecraft:rotten_flesh":2,"minecraft:leather":2,"minecraft:wooden_pickaxe":1,"minecraft:stone_pickaxe":1},"minecraft:picked_up":{"minecraft:crafting_table":3,"minecraft:stick":2,"minecraft:raw_iron":15,"minecraft:leather":2,"minecraft:acacia_log":6,"minecraft:dirt":2,"minecraft:acacia_planks":22,"minecraft:rotten_flesh":2,"minecraft:stone_axe":1,"minecraft:beef":16,"minecraft:iron_ingot":5,"minecraft:stone_pickaxe":1,"minecraft:poppy":1,"minecraft:mutton":4,"minecraft:coal":22,"minecraft:white_wool":2,"minecraft:cobblestone":78,"minecraft:furnace":1},"minecraft:custom":{"minecraft:time_since_rest":18498,"minecraft:interact_with_furnace":10,"minecraft:sprint_one_cm":33508,"minecraft:damage_taken":695,"minecraft:walk_one_cm":26013,"minecraft:mob_kills":9,"minecraft:drop":5,"minecraft:damage_dealt":1920,"minecraft:swim_one_cm":3225,"minecraft:interact_with_crafting_table":8,"minecraft:fly_one_cm":66795,"minecraft:open_chest":1,"minecraft:crouch_one_cm":2508,"minecraft:play_time":22821,"minecraft:deaths":1,"minecraft:sneak_time":1018,"minecraft:walk_under_water_one_cm":931,"minecraft:jump":536,"minecraft:leave_game":2,"minecraft:time_since_death":18470,"minecraft:walk_on_water_one_cm":1081,"minecraft:total_world_time":22821,"minecraft:fall_one_cm":23095},"minecraft:crafted":{"minecraft:cooked_beef":8,"minecraft:crafting_table":1,"minecraft:stick":8,"minecraft:wooden_pickaxe":1,"minecraft:iron_ingot":6,"minecraft:iron_pickaxe":1,"minecraft:stone_pickaxe":1,"minecraft:furnace":1,"minecraft:acacia_planks":24,"minecraft:stone_axe":1,"minecraft:air":0},"minecraft:used":{"minecraft:stone_pickaxe":52,"minecraft:iron_pickaxe":24,"minecraft:wooden_pickaxe":3,"minecraft:stone_axe":33,"minecraft:dirt":2,"minecraft:cobblestone":27,"minecraft:crafting_table":2,"minecraft:furnace":1,"minecraft:cooked_beef":5,"minecraft:acacia_planks":9}},"DataVersion":3465}