{"stats":{"minecraft:custom":{"minecraft:mob_kills":20,"minecraft:interact_with_anvil":12,"minecraft:interact_with_crafting_table":50,"minecraft:open_shulker_box":19,"minecraft:leave_game":18,"minecraft:time_since_death":1052,"minecraft:climb_one_cm":444,"minecraft:sprint_one_cm":140525,"minecraft:walk_one_cm":286251,"minecraft:damage_blocked_by_shield":225,"minecraft:drop":35,"minecraft:play_time":213790,"minecraft:deaths":10,"minecraft:sneak_time":15366,"minecraft:walk_under_water_one_cm":5407,"minecraft:jump":1907,"minecraft:interact_with_blast_furnace":23,"minecraft:walk_on_water_one_cm":5314,"minecraft:total_world_time":213790,"minecraft:interact_with_furnace":16,"minecraft:play_record":5,"minecraft:sleep_in_bed":3,"minecraft:time_since_rest":104,"minecraft:damage_taken":19225,"minecraft:damage_dealt":5188,"minecraft:swim_one_cm":4953,"minecraft:fly_one_cm":482100,"minecraft:open_chest":116,"minecraft:crouch_one_cm":46727,"minecraft:interact_with_smoker":3,"minecraft:fall_one_cm":239529},"minecraft:mined":{"minecraft:white_bed":3,"minecraft:acacia_log":6,"minecraft:grass_block":1,"minecraft:hay_block":71,"minecraft:furnace":2,"minecraft:iron_ore":176,"minecraft:stone":350,"minecraft:crafting_table":11,"minecraft:torch":4,"minecraft:blast_furnace":3,"minecraft:emerald_ore":5,"minecraft:sculk_sensor":3,"minecraft:cobblestone":12,"minecraft:sculk":1,"minecraft:wall_torch":26,"minecraft:birch_planks":6,"minecraft:birch_log":59,"minecraft:birch_leaves":10,"minecraft:grass":5,"minecraft:oak_log":35,"minecraft:coal_ore":237,"minecraft:gravel":6,"minecraft:dripstone_block":2,"minecraft:dirt":1,"minecraft:acacia_planks":9,"minecraft:oak_leaves":121},"minecraft:killed":{"minecraft:skeleton":2,"minecraft:iron_golem":1,"minecraft:sheep":5,"minecraft:zombie":7,"minecraft:cow":3},"minecraft:killed_by":{"minecraft:warden":2},"minecraft:broken":{"minecraft:iron_pickaxe":2},"minecraft:picked_up":{"minecraft:crafting_table":12,"minecraft:birch_door":2,"minecraft:wheat":3,"minecraft:anvil":1,"minecraft:music_disc_cat":1,"minecraft:music_disc_otherside":2,"minecraft:beef":16,"minecraft:poppy":1,"minecraft:iron_pickaxe":1,"minecraft:birch_sapling":4,"minecraft:furnace":2,"minecraft:stick":11,"minecraft:raw_iron":172,"minecraft:torch":31,"minecraft:acacia_log":6,"minecraft:arrow":5,"minecraft:rotten_flesh":5,"minecraft:hay_block":72,"minecraft:mutton":7,"minecraft:white_wool":4,"minecraft:cobblestone":387,"minecraft:birch_log":59,"minecraft:leather":2,"minecraft:birch_planks":6,"minecraft:flint":1,"minecraft:oak_log":35,"minecraft:dirt":54,"minecraft:bone":3,"minecraft:acacia_planks":22,"minecraft:apple":1,"minecraft:wheat_seeds":1,"minecraft:stone_pickaxe":1,"minecraft:iron_ingot":5,"minecraft:music_disc_13":1,"minecraft:gravel":5,"minecraft:dripstone_block":1,"minecraft:blast_furnace":3,"minecraft:white_bed":3,"minecraft:shulker_box":10,"minecraft:sculk_sensor":3,"minecraft:stone_axe":1,"minecraft:emerald":5,"minecraft:oak_sapling":2,"minecraft:coal":309},"minecraft:used":{"minecraft:music_disc_otherside":2,"minecraft:flint_and_steel":3,"minecraft:chest":4,"minecraft:shield":7,"minecraft:iron_sword":29,"minecraft:sculk_sensor":1,"minecraft:torch":58,"minecraft:dirt":37,"minecraft:anvil":2,"minecraft:shulker_box":15,"minecraft:music_disc_13":1,"minecraft:birch_door":4,"minecraft:iron_hoe":112,"minecraft:iron_axe":128,"minecraft:hay_block":4,"minecraft:furnace":2,"minecraft:cooked_beef":8,"minecraft:acacia_planks":9,"minecraft:water_bucket":5,"minecraft:birch_planks":225,"minecraft:stone_pickaxe":52,"minecraft:wooden_pickaxe":3,"minecraft:music_disc_cat":2,"minecraft:crafting_table":12,"minecraft:blast_furnace":4,"minecraft:white_bed":3,"minecraft:smoker":1,"minecraft:oak_log":2,"minecraft:diamond_pickaxe":5,"minecraft:apple":5,"minecraft:bread":21,"minecraft:iron_pickaxe":747,"minecraft:stone_axe":62,"minecraft:cobblestone":205,"minecraft:potion":1,"minecraft:bucket":6,"minecraft:candle":8,"minecraft:jukebox":2,"minecraft:experience_bottle":344},"minecraft:dropped":{"minecraft:enchanted_book":1,"minecraft:bread":5,"minecraft:iron_sword":1,"minecraft:wheat_seeds":1,"minecraft:glass_bottle":1,"minecraft:dripstone_block":1,"minecraft:cobblestone":3,"minecraft:leather":2,"minecraft:disc_fragment_5":3,"minecraft:dirt":17,"minecraft:torch":1,"minecraft:iron_axe":1,"minecraft:iron_pickaxe":2,"minecraft:gravel":5,"minecraft:anvil":1,"minecraft:stone_axe":1,"minecraft:wheat":3,"minecraft:sculk_sensor":3,"minecraft:rotten_flesh":5,"minecraft:poppy":1,"minecraft:hay_block":1,"minecraft:oak_sapling":1,"minecraft:wooden_pickaxe":1,"minecraft:stone_pickaxe":1},"minecraft:crafted":{"minecraft:oak_planks":108,"minecraft:smooth_stone":3,"minecraft:jukebox":2,"minecraft:furnace":2,"minecraft:blast_furnace":1,"minecraft:stone":3,"minecraft:cooked_mutton":7,"minecraft:flint_and_steel":1,"minecraft:diamond_helmet":1,"minecraft:iron_boots":1,"minecraft:iron_axe":1,"minecraft:iron_hoe":1,"minecraft:stone_pickaxe":1,"minecraft:chest":4,"minecraft:birch_door":3,"minecraft:smoker":1,"minecraft:wheat":576,"minecraft:cooked_beef":8,"minecraft:diamond_sword":1,"minecraft:diamond_axe":1,"minecraft:crafting_table":1,"minecraft:wooden_pickaxe":1,"minecraft:iron_helmet":1,"minecraft:iron_sword":1,"minecraft:bucket":1,"minecraft:hay_block":2,"minecraft:birch_planks":236,"minecraft:stone_axe":1,"minecraft:bread":186,"minecraft:air":0,"minecraft:iron_chestplate":1,"minecraft:diamond_pickaxe":1,"minecraft:shield":1,"minecraft:stick":36,"minecraft:iron_ingot":170,"minecraft:iron_pickaxe":3,"minecraft:iron_block":3,"minecraft:iron_leggings":1,"minecraft:anvil":1,"minecraft:acacia_planks":24,"minecraft:torch":64,"minecraft:diamond_chestplate":1}},"DataVersion":3465}