{"stats":{"minecraft:custom":{"minecraft:mob_kills":12,"minecraft:interact_with_crafting_table":6,"minecraft:leave_game":12,"minecraft:time_since_death":38581,"minecraft:sleep_in_bed":2,"minecraft:climb_one_cm":916,"minecraft:time_since_rest":30719,"minecraft:sprint_one_cm":36388,"minecraft:damage_taken":906,"minecraft:walk_one_cm":75050,"minecraft:drop":34,"minecraft:damage_dealt":1513,"minecraft:swim_one_cm":18342,"minecraft:fly_one_cm":91450,"minecraft:open_chest":5,"minecraft:crouch_one_cm":1022,"minecraft:play_time":41255,"minecraft:deaths":1,"minecraft:sneak_time":763,"minecraft:walk_under_water_one_cm":21788,"minecraft:boat_one_cm":125657,"minecraft:jump":475,"minecraft:walk_on_water_one_cm":21946,"minecraft:total_world_time":41255,"minecraft:fall_one_cm":14199},"minecraft:crafted":{"minecraft:oak_planks":20,"minecraft:crafting_table":1,"minecraft:iron_helmet":1,"minecraft:iron_sword":1,"minecraft:bread":9,"minecraft:oak_boat":1,"minecraft:iron_chestplate":1,"minecraft:stick":4,"minecraft:iron_leggings":1},"minecraft:mined":{"minecraft:dark_oak_log":1,"minecraft:dandelion":1,"minecraft:crafting_table":2,"minecraft:poppy":1,"minecraft:tall_grass":1,"minecraft:oak_planks":1,"minecraft:grass":5,"minecraft:oak_log":7,"minecraft:gravel":1,"minecraft:sand":6,"minecraft:mossy_stone_bricks":1},"minecraft:killed":{"minecraft:pig":7,"minecraft:sheep":3,"minecraft:zombie":1},"minecraft:used":{"minecraft:moss_block":3,"minecraft:stone_pickaxe":1,"minecraft:oak_planks":28,"minecraft:white_wool":1,"minecraft:sand":6,"minecraft:crafting_table":2,"minecraft:carrot":7,"minecraft:spruce_log":32,"minecraft:bread":1,"minecraft:suspicious_stew":2,"minecraft:stone_axe":34,"minecraft:cooked_cod":4,"minecraft:oak_boat":1,"minecraft:potato":7},"minecraft:dropped":{"minecraft:iron_ingot":13,"minecraft:bread":5,"minecraft:iron_sword":1,"minecraft:wheat_seeds":1,"minecraft:lapis_lazuli":5,"minecraft:bowl":2,"minecraft:diamond":1,"minecraft:experience_bottle":1,"minecraft:iron_helmet":2,"minecraft:rotten_flesh":1,"minecraft:enchanted_golden_apple":1,"minecraft:carrot":3,"minecraft:leather_helmet":1,"minecraft:suspicious_stew":1,"minecraft:filled_map":1,"minecraft:poppy":1,"minecraft:gunpowder":5,"minecraft:mutton":5,"minecraft:iron_chestplate":2,"minecraft:oak_sapling":1,"minecraft:iron_leggings":2,"minecraft:stone_pickaxe":2,"minecraft:dandelion":1,"minecraft:gold_ingot":1},"minecraft:picked_up":{"minecraft:iron_chestplate":1,"minecraft:crafting_table":2,"minecraft:oak_log":5,"minecraft:iron_leggings":1,"minecraft:wheat_seeds":1,"minecraft:iron_ingot":13,"minecraft:stone_pickaxe":2,"minecraft:poppy":1,"minecraft:mossy_stone_bricks":1,"minecraft:dandelion":1,"minecraft:sand":6,"minecraft:porkchop":14,"minecraft:carrot":3,"minecraft:leather_helmet":1,"minecraft:rotten_flesh":1,"minecraft:iron_helmet":1,"minecraft:oak_sapling":1,"minecraft:mutton":5,"minecraft:white_wool":3,"minecraft:cobblestone":1}},"DataVersion":3465}