{"stats":{"minecraft:mined":{"minecraft:white_bed":1,"minecraft:crafting_table":4,"minecraft:torch":1,"minecraft:acacia_log":6,"minecraft:blast_furnace":2,"minecraft:grass_block":1,"minecraft:wall_torch":9,"minecraft:hay_block":67,"minecraft:furnace":1,"minecraft:iron_ore":71,"minecraft:grass":4,"minecraft:coal_ore":41,"minecraft:dirt":1,"minecraft:acacia_planks":9,"minecraft:stone":59,"minecraft:oak_leaves":7},"minecraft:custom":{"minecraft:interact_with_furnace":10,"minecraft:mob_kills":11,"minecraft:interact_with_crafting_table":13,"minecraft:leave_game":7,"minecraft:time_since_death":37376,"minecraft:climb_one_cm":444,"minecraft:time_since_rest":37404,"minecraft:sprint_one_cm":51137,"minecraft:damage_taken":848,"minecraft:walk_one_cm":57216,"minecraft:drop":6,"minecraft:damage_dealt":2169,"minecraft:swim_one_cm":3225,"minecraft:fly_one_cm":106774,"minecraft:open_chest":1,"minecraft:crouch_one_cm":4870,"minecraft:play_time":41727,"minecraft:deaths":1,"minecraft:sneak_time":1866,"minecraft:walk_under_water_one_cm":931,"minecraft:jump":824,"minecraft:interact_with_blast_furnace":10,"minecraft:walk_on_water_one_cm":1081,"minecraft:total_world_time":41727,"minecraft:fall_one_cm":33015},"minecraft:killed":{"minecraft:iron_golem":1,"minecraft:sheep":5,"minecraft:zombie":2,"minecraft:cow":3},"minecraft:picked_up":{"minecraft:crafting_table":5,"minecraft:leather":2,"minecraft:dirt":2,"minecraft:acacia_planks":22,"minecraft:iron_ingot":5,"minecraft:beef":16,"minecraft:stone_pickaxe":1,"minecraft:poppy":1,"minecraft:furnace":1,"minecraft:stick":2,"minecraft:raw_iron":69,"minecraft:torch":10,"minecraft:acacia_log":6,"minecraft:blast_furnace":2,"minecraft:white_bed":1,"minecraft:rotten_flesh":2,"minecraft:stone_axe":1,"minecraft:hay_block":67,"minecraft:mutton":7,"minecraft:coal":51,"minecraft:white_wool":4,"minecraft:cobblestone":87},"minecraft:used":{"minecraft:stone_pickaxe":52,"minecraft:wooden_pickaxe":3,"minecraft:iron_sword":1,"minecraft:torch":1,"minecraft:dirt":2,"minecraft:crafting_table":5,"minecraft:blast_furnace":1,"minecraft:iron_axe":1,"minecraft:bread":3,"minecraft:iron_pickaxe":129,"minecraft:stone_axe":62,"minecraft:cobblestone":27,"minecraft:furnace":1,"minecraft:cooked_beef":5,"minecraft:acacia_planks":9},"minecraft:dropped":{"minecraft:stone_axe":1,"minecraft:rotten_flesh":2,"minecraft:leather":2,"minecraft:poppy":1,"minecraft:wooden_pickaxe":1,"minecraft:stone_pickaxe":1},"minecraft:crafted":{"minecraft:cooked_beef":8,"minecraft:crafting_table":1,"minecraft:wooden_pickaxe":1,"minecraft:iron_helmet":1,"minecraft:iron_sword":1,"minecraft:furnace":1,"minecraft:stone_axe":1,"minecraft:air":0,"minecraft:iron_boots":1,"minecraft:iron_chestplate":1,"minecraft:iron_axe":1,"minecraft:stick":12,"minecraft:iron_ingot":59,"minecraft:iron_pickaxe":1,"minecraft:stone_pickaxe":1,"minecraft:iron_leggings":1,"minecraft:acacia_planks":24}},"DataVersion":3465}