{"stats":{"minecraft:killed":{"minecraft:sheep":3,"minecraft:zombie":2,"minecraft:cow":3},"minecraft:mined":{"minecraft:furnace":1,"minecraft:iron_ore":17,"minecraft:crafting_table":2,"minecraft:grass":2,"minecraft:acacia_log":6,"minecraft:grass_block":1,"minecraft:coal_ore":11,"minecraft:dirt":1,"minecraft:acacia_planks":9,"minecraft:stone":47},"minecraft:dropped":{"minecraft:rotten_flesh":2,"minecraft:leather":2,"minecraft:stone_pickaxe":1,"minecraft:wooden_pickaxe":1},"minecraft:picked_up":{"minecraft:raw_iron":15,"minecraft:stick":2,"minecraft:crafting_table":3,"minecraft:leather":2,"minecraft:acacia_log":6,"minecraft:dirt":2,"minecraft:rotten_flesh":2,"minecraft:acacia_planks":22,"minecraft:stone_axe":1,"minecraft:iron_ingot":2,"minecraft:beef":16,"minecraft:stone_pickaxe":1,"minecraft:mutton":4,"minecraft:coal":22,"minecraft:white_wool":2,"minecraft:cobblestone":75,"minecraft:furnace":1},"minecraft:custom":{"minecraft:time_since_rest":16194,"minecraft:interact_with_furnace":10,"minecraft:sprint_one_cm":30780,"minecraft:damage_taken":695,"minecraft:walk_one_cm":22531,"minecraft:mob_kills":8,"minecraft:drop":4,"minecraft:damage_dealt":920,"minecraft:swim_one_cm":3225,"minecraft:interact_with_crafting_table":8,"minecraft:fly_one_cm":60755,"minecraft:crouch_one_cm":2077,"minecraft:play_time":20517,"minecraft:deaths":1,"minecraft:sneak_time":934,"minecraft:walk_under_water_one_cm":931,"minecraft:jump":448,"minecraft:leave_game":1,"minecraft:walk_on_water_one_cm":1081,"minecraft:time_since_death":16166,"minecraft:total_world_time":20517,"minecraft:fall_one_cm":21932},"minecraft:crafted":{"minecraft:cooked_beef":8,"minecraft:crafting_table":1,"minecraft:stick":8,"minecraft:iron_pickaxe":1,"minecraft:iron_ingot":6,"minecraft:wooden_pickaxe":1,"minecraft:stone_pickaxe":1,"minecraft:furnace":1,"minecraft:acacia_planks":24,"minecraft:stone_axe":1,"minecraft:air":0},"minecraft:used":{"minecraft:stone_pickaxe":52,"minecraft:iron_pickaxe":21,"minecraft:wooden_pickaxe":3,"minecraft:stone_axe":25,"minecraft:dirt":2,"minecraft:cobblestone":17,"minecraft:crafting_table":2,"minecraft:furnace":1,"minecraft:cooked_beef":5,"minecraft:acacia_planks":9}},"DataVersion":3465}